Borough,Month,Consumption (KWH),Consumption (KW),KWH Charges,KW Charges,Current Charges,Avg_Temp
BRONX,2010-01-01,26765002.0,45512.94,0.0,0.0,0.0,54.7
BRONX,2010-02-01,23581086.0,44393.67,0.0,0.0,0.0,54.4
BRONX,2010-03-01,22213157.0,44631.42,0.0,0.0,0.0,54.9
BRONX,2010-04-01,22084746.0,45248.19,0.0,0.0,0.0,55.2
BRONX,2010-05-01,22729296.0,51971.16,0.0,0.0,0.0,55.4
BRONX,2010-06-01,29475950.0,62026.57,0.0,0.0,0.0,56.0
BRONX,2010-07-01,39531115.0,73447.42,0.0,0.0,0.0,56.7
BRONX,2010-08-01,38492604.0,71291.95,0.0,0.0,0.0,56.9
BRONX,2010-09-01,29817501.0,71026.0,0.0,0.0,0.0,57.3
BRONX,2010-10-01,24922925.0,55775.99,0.0,0.0,0.0,57.5
BRONX,2010-11-01,25028445.0,48625.58,0.0,0.0,0.0,57.3
BRONX,2010-12-01,25216863.0,47964.56,0.0,0.0,0.0,57.0
BRONX,2012-01-01,26670688.0,46676.85,0.0,0.0,0.0,57.4
BRONX,2012-02-01,22823491.0,44008.58,0.0,0.0,0.0,57.8
BRONX,2012-03-01,23616988.0,44495.91,0.0,0.0,0.0,58.5
BRONX,2012-04-01,21554136.0,45579.4,0.0,0.0,0.0,58.5
BRONX,2012-05-01,21462456.0,44841.31,0.0,0.0,0.0,58.6
BRONX,2012-06-01,27790479.0,70260.69,0.0,0.0,0.0,58.5
BRONX,2012-07-01,39855810.0,74474.67,0.0,0.0,0.0,58.3
BRONX,2012-08-01,37109556.0,69746.26,0.0,0.0,0.0,58.5
BRONX,2012-09-01,31687752.0,64281.03,0.0,0.0,0.0,58.4
BRONX,2012-10-01,25182177.0,48804.36,0.0,0.0,0.0,58.4
BRONX,2012-11-01,23115439.0,45682.17,0.0,0.0,0.0,57.8
BRONX,2012-12-01,25591532.0,45994.25,0.0,0.0,0.0,57.6
BRONX,2013-01-01,25313279.0,46437.22,0.0,0.0,0.0,57.4
BRONX,2013-02-01,24714388.0,45863.35,0.0,0.0,0.0,56.9
BRONX,2013-03-01,22214730.0,44059.76,0.0,0.0,0.0,56.0
BRONX,2013-04-01,21268050.0,43087.38,0.0,0.0,0.0,55.8
BRONX,2013-05-01,21277947.0,49291.56,0.0,0.0,0.0,55.6
BRONX,2013-06-01,29168882.0,63019.68,0.0,0.0,0.0,55.7
BRONX,2013-07-01,40433756.0,76875.62,0.0,0.0,0.0,55.8
BRONX,2013-08-01,31163322.0,63392.38,0.0,0.0,0.0,55.6
BRONX,2013-09-01,32165691.0,68987.48,0.0,0.0,0.0,55.5
BRONX,2013-10-01,23275888.0,52002.71,0.0,0.0,0.0,55.7
BRONX,2013-11-01,22536553.0,45994.03,0.0,0.0,0.0,55.8
BRONX,2013-12-01,25873491.0,47040.74,0.0,0.0,0.0,55.5
BRONX,2014-01-01,24888612.0,46657.27,0.0,0.0,0.0,55.0
BRONX,2014-02-01,24417257.0,44890.49,0.0,0.0,0.0,54.7
BRONX,2014-03-01,21967352.0,44281.93,0.0,0.0,0.0,54.5
BRONX,2014-04-01,21168271.0,41885.72,0.0,0.0,0.0,54.4
BRONX,2014-05-01,20823343.0,44540.55,0.0,0.0,0.0,54.5
BRONX,2014-06-01,27597670.0,61459.1,0.0,0.0,0.0,54.5
BRONX,2014-07-01,34064186.0,64783.77,0.0,0.0,0.0,54.1
BRONX,2014-08-01,30685705.0,59409.13,0.0,0.0,0.0,54.1
BRONX,2014-09-01,31969648.0,89745.77,0.0,0.0,0.0,54.3
BRONX,2014-10-01,23194500.0,49598.62,0.0,0.0,0.0,54.2
BRONX,2014-11-01,22468014.0,44754.99,0.0,0.0,0.0,54.2
BRONX,2014-12-01,25914936.0,44794.4,0.0,0.0,0.0,54.4
BRONX,2015-01-01,26187440.0,45899.14,0.0,0.0,0.0,54.5
BRONX,2015-02-01,23489905.0,45659.11,0.0,0.0,0.0,53.9
BRONX,2015-03-01,21915473.0,43060.87,0.0,0.0,0.0,53.9
BRONX,2015-04-01,21273434.0,41862.42,0.0,0.0,0.0,54.1
BRONX,2015-05-01,23795627.0,48269.01,0.0,0.0,0.0,54.4
BRONX,2015-06-01,27035416.0,64770.28,0.0,0.0,0.0,54.3
BRONX,2015-07-01,33688588.0,70798.7,0.0,0.0,0.0,54.6
BRONX,2015-08-01,38148518.0,70274.21,0.0,0.0,0.0,54.9
BRONX,2015-09-01,33360835.0,68064.71,0.0,0.0,0.0,55.3
BRONX,2015-10-01,24018388.0,51208.75,0.0,0.0,0.0,55.2
BRONX,2015-11-01,24265969.0,44089.52,0.0,0.0,0.0,55.8
BRONX,2015-12-01,24484598.0,44497.02,0.0,0.0,0.0,56.7
BRONX,2016-01-01,25818730.0,45884.11,0.0,0.0,0.0,57.0
BRONX,2016-02-01,23989865.0,45678.69,0.0,0.0,0.0,58.2
BRONX,2016-03-01,21839407.0,43358.32,0.0,0.0,0.0,59.1
BRONX,2016-04-01,23029411.0,42640.25,0.0,0.0,0.0,59.0
BRONX,2016-05-01,21254342.0,41810.88,0.0,0.0,0.0,58.5
BRONX,2016-06-01,28970917.0,57981.16,0.0,0.0,0.0,58.6
BRONX,2016-07-01,38320695.0,69982.06,0.0,0.0,0.0,58.6
BRONX,2016-08-01,38426431.0,73818.8,0.0,0.0,0.0,58.6
BRONX,2016-09-01,34166722.0,67781.07,0.0,0.0,0.0,58.4
BRONX,2016-10-01,25653796.0,55661.159999999996,0.0,0.0,0.0,58.5
BRONX,2016-11-01,23342138.0,46447.77,0.0,0.0,0.0,58.2
BRONX,2016-12-01,24364195.0,45132.18,0.0,0.0,0.0,57.2
BRONX,2017-01-01,26058199.0,44883.47,0.0,0.0,0.0,57.5
BRONX,2017-02-01,23075133.0,43277.48,0.0,0.0,0.0,57.8
BRONX,2017-03-01,23495502.0,43724.57,0.0,0.0,0.0,57.0
BRONX,2017-04-01,21497665.0,41879.17,0.0,0.0,0.0,57.3
BRONX,2017-05-01,21795106.0,59023.72,0.0,0.0,0.0,57.2
BRONX,2017-06-01,26474762.0,68372.75,0.0,0.0,0.0,57.1
BRONX,2017-07-01,38257821.0,69709.28,0.0,0.0,0.0,57.0
BRONX,2017-08-01,31817336.0,62938.52,0.0,0.0,0.0,56.6
BRONX,2017-09-01,27545526.0,67077.88,0.0,0.0,0.0,56.5
BRONX,2017-10-01,26903769.0,57975.14,0.0,0.0,0.0,56.9
BRONX,2017-11-01,22326689.0,43731.74,0.0,0.0,0.0,56.6
BRONX,2017-12-01,23574138.0,42851.25,0.0,0.0,0.0,56.4
BRONX,2019-01-01,24394395.0,44897.93,0.0,0.0,0.0,56.0
BRONX,2019-02-01,23683719.0,42991.02,0.0,0.0,0.0,55.5
BRONX,2019-03-01,21001472.0,40714.46,0.0,0.0,0.0,55.6
BRONX,2019-04-01,20859151.0,40798.43,0.0,0.0,0.0,56.1
BRONX,2019-05-01,20732827.0,45424.91,0.0,0.0,0.0,55.7
BRONX,2019-06-01,25781654.0,47782.67,0.0,0.0,0.0,55.7
BRONX,2019-07-01,36414708.0,69782.33,0.0,0.0,0.0,55.9
BRONX,2019-08-01,33470730.0,66543.78,0.0,0.0,0.0,55.7
BRONX,2019-09-01,28836847.0,61764.06,0.0,0.0,0.0,55.6
BRONX,2019-10-01,23556439.0,54211.06,0.0,0.0,0.0,55.8
BRONX,2019-11-01,21326926.0,41961.26,0.0,0.0,0.0,55.8
BRONX,2019-12-01,23966790.0,41530.69,0.0,0.0,0.0,55.6
BRONX,2020-01-01,45442548.0,81375.48,0.0,0.0,0.0,56.2
BRONX,2020-02-01,44974982.0,311141.16,0.0,0.0,0.0,56.5
BRONX,2020-03-01,41108814.0,81682.56,0.0,0.0,0.0,57.0
BRONX,2020-04-01,42664586.0,80680.43,0.0,0.0,0.0,56.6
BRONX,2020-05-01,21076821.0,43393.57,0.0,0.0,0.0,56.4
BRONX,2020-06-01,27391516.0,57885.07,0.0,0.0,0.0,56.6
BRONX,2020-07-01,35711882.0,68288.66,0.0,0.0,0.0,56.6
BRONX,2020-08-01,35710602.0,69677.94,0.0,0.0,0.0,56.8
BRONX,2020-09-01,31828205.0,63875.45,0.0,0.0,0.0,56.6
BRONX,2020-10-01,22759486.0,46756.87,0.0,0.0,0.0,56.5
BRONX,2020-11-01,22186577.0,42282.83,0.0,0.0,0.0,57.2
BRONX,2020-12-01,24964331.0,43021.57,0.0,0.0,0.0,57.3
BRONX,2021-01-01,24747982.0,40454.51,0.0,0.0,0.0,56.9
BRONX,2021-02-01,21503857.0,40025.659999999996,0.0,0.0,0.0,56.4
BRONX,2021-03-01,20692175.0,39066.79,0.0,0.0,0.0,56.3
BRONX,2021-04-01,21424289.0,38736.24,0.0,0.0,0.0,56.6
BRONX,2021-05-01,20748428.0,49181.51,0.0,0.0,0.0,56.8
BRONX,2021-06-01,26845332.0,59650.91,0.0,0.0,0.0,56.9
BRONX,2021-07-01,33006942.0,67247.2,0.0,0.0,0.0,56.5
BRONX,2021-08-01,36462677.0,64823.57,0.0,0.0,0.0,56.6
BRONX,2021-09-01,29853273.0,64771.17,0.0,0.0,0.0,56.7
BRONX,2021-10-01,23251802.0,49057.63,0.0,0.0,0.0,57.1
BRONX,2021-11-01,23202416.0,43007.51,0.0,0.0,0.0,56.5
BRONX,2021-12-01,23087870.0,41649.33,0.0,0.0,0.0,56.9
BRONX,2022-01-01,24642780.0,42744.8,0.0,0.0,0.0,56.5
BRONX,2022-02-01,21789323.0,41362.91,0.0,0.0,0.0,56.8
BRONX,2022-03-01,20881563.0,41126.27,0.0,0.0,0.0,56.7
BRONX,2022-04-01,22073273.0,39748.83,0.0,0.0,0.0,56.6
BRONX,2022-05-01,20869395.0,49611.8,0.0,0.0,0.0,56.7
BRONX,2022-06-01,24777647.0,55283.03,0.0,0.0,0.0,56.4
BRONX,2022-07-01,36620398.0,66867.57,0.0,0.0,0.0,56.7
BRONX,2022-08-01,34421270.0,68980.43,0.0,0.0,0.0,56.9
BRONX,2022-09-01,29946376.0,59424.83,0.0,0.0,0.0,56.8
BRONX,2022-10-01,23008409.0,43185.35,0.0,0.0,0.0,56.4
BRONX,2022-11-01,21522625.0,41840.47,0.0,0.0,0.0,56.8
BRONX,2022-12-01,22862967.0,41288.45,0.0,0.0,0.0,56.3
BRONX,2023-01-01,18574554.0,30736.26,0.0,0.0,0.0,57.4
BRONX,2023-02-01,18609729.0,31401.579999999998,0.0,0.0,0.0,57.7
BRONX,2023-03-01,17169627.0,31110.32,0.0,0.0,0.0,57.7
BRONX,2023-04-01,16180649.0,33208.54,0.0,0.0,0.0,58.1
BRONX,2023-05-01,15759557.0,33304.1,0.0,0.0,0.0,58.0
BRONX,2023-06-01,18215565.0,34959.95,0.0,0.0,0.0,57.9
BRONX,2023-07-01,28170877.0,52481.8,0.0,0.0,0.0,57.8
BRONX,2023-08-01,21964675.0,46814.0,0.0,0.0,0.0,57.5
BRONX,2023-09-01,19203067.0,44167.01,0.0,0.0,0.0,57.5
BRONX,2023-10-01,14878361.0,27776.61,0.0,0.0,0.0,57.8
BRONX,2023-11-01,18939129.0,30890.420000000002,0.0,0.0,0.0,57.4
BRONX,2023-12-01,17935078.0,31443.96,0.0,0.0,0.0,57.9
BRONX,2024-01-01,23284392.0,37443.72,0.0,0.0,0.0,57.4
BRONX,2024-02-01,20927181.0,36929.07,0.0,0.0,0.0,57.3
BRONX,2024-03-01,19998853.0,37631.33,0.0,0.0,0.0,57.6
BRONX,2024-04-01,21309607.0,36848.5,0.0,0.0,0.0,57.4
BRONX,2024-05-01,18763716.0,39283.76,0.0,0.0,0.0,57.6
BRONX,2024-06-01,26721627.01,55724.33,0.0,0.0,0.0,58.0
BRONX,2024-07-01,38388137.0,66531.99,0.0,0.0,0.0,58.1
BRONX,2024-08-01,32000475.0,62989.0,0.0,0.0,0.0,58.1
BRONX,2024-09-01,26225493.0,60240.63,0.0,0.0,0.0,58.0
BRONX,2024-10-01,20230788.01,41529.97,0.0,0.0,0.0,58.1
BRONX,2024-11-01,23119666.01,41498.66,0.0,0.0,0.0,58.5
BRONX,2024-12-01,22162384.01,39729.16,0.0,0.0,0.0,57.9
BRONX,2025-01-01,24100241.0,40506.87,0.0,0.0,0.0,57.5
BRONX,2025-02-01,21787966.0,37634.49,0.0,0.0,0.0,57.0
BRONX,2025-03-01,20861199.0,38893.34,0.0,0.0,0.0,56.9
BRONX,2025-04-01,19920270.85,39119.6,0.0,0.0,0.0,56.9
BRONX,2025-05-01,20097331.01,40164.12,0.0,0.0,0.0,56.7
BRONX,2025-06-01,25389944.11,61311.3,0.0,0.0,0.0,56.5
BRONX,2025-07-01,35421020.97,68158.94,0.0,0.0,0.0,56.5
BRONX,2025-08-01,31836379.01,66724.83,0.0,0.0,0.0,56.4
BRONX,2025-09-01,25913145.53,48847.51,0.0,0.0,0.0,56.6
BROOKLYN,2010-01-01,33928541.0,59509.3,0.0,0.0,0.0,54.7
BROOKLYN,2010-02-01,29480943.0,55701.17,0.0,0.0,0.0,54.4
BROOKLYN,2010-03-01,27885320.0,55313.17,0.0,0.0,0.0,54.9
BROOKLYN,2010-04-01,28604105.0,55246.3,0.0,0.0,0.0,55.2
BROOKLYN,2010-05-01,27145995.0,59465.87,0.0,0.0,0.0,55.4
BROOKLYN,2010-06-01,35862456.0,74988.59,0.0,0.0,0.0,56.0
BROOKLYN,2010-07-01,47766230.0,90247.74,0.0,0.0,0.0,56.7
BROOKLYN,2010-08-01,47535216.0,88550.35,0.0,0.0,0.0,56.9
BROOKLYN,2010-09-01,36379367.0,86772.3,0.0,0.0,0.0,57.3
BROOKLYN,2010-10-01,31008322.0,66967.15,0.0,0.0,0.0,57.5
BROOKLYN,2010-11-01,30906438.0,59608.46,0.0,0.0,0.0,57.3
BROOKLYN,2010-12-01,31650989.0,60473.5,0.0,0.0,0.0,57.0
BROOKLYN,2012-01-01,33277943.0,58984.46,0.0,0.0,0.0,57.4
BROOKLYN,2012-02-01,29258896.0,56262.17,0.0,0.0,0.0,57.8
BROOKLYN,2012-03-01,29571413.0,56585.82,0.0,0.0,0.0,58.5
BROOKLYN,2012-04-01,26719878.0,56562.28,0.0,0.0,0.0,58.5
BROOKLYN,2012-05-01,26639858.0,55789.19,0.0,0.0,0.0,58.6
BROOKLYN,2012-06-01,33994106.0,83997.34,0.0,0.0,0.0,58.5
BROOKLYN,2012-07-01,48682359.0,90223.56,0.0,0.0,0.0,58.3
BROOKLYN,2012-08-01,43874927.0,86317.92,0.0,0.0,0.0,58.5
BROOKLYN,2012-09-01,39786261.0,78103.36,0.0,0.0,0.0,58.4
BROOKLYN,2012-10-01,31810834.0,60834.69,0.0,0.0,0.0,58.4
BROOKLYN,2012-11-01,28198047.0,59268.93,0.0,0.0,0.0,57.8
BROOKLYN,2012-12-01,32743101.0,58562.97,0.0,0.0,0.0,57.6
BROOKLYN,2013-01-01,31679506.0,59529.3,0.0,0.0,0.0,57.4
BROOKLYN,2013-02-01,31957751.0,58544.05,0.0,0.0,0.0,56.9
BROOKLYN,2013-03-01,29002889.0,54408.67,0.0,0.0,0.0,56.0
BROOKLYN,2013-04-01,27572545.0,53607.74,0.0,0.0,0.0,55.8
BROOKLYN,2013-05-01,27034850.0,58008.61,0.0,0.0,0.0,55.6
BROOKLYN,2013-06-01,35589456.0,73916.08,0.0,0.0,0.0,55.7
BROOKLYN,2013-07-01,48631836.0,92837.02,0.0,0.0,0.0,55.8
BROOKLYN,2013-08-01,38817520.0,78304.32,0.0,0.0,0.0,55.6
BROOKLYN,2013-09-01,39485988.0,80362.91,0.0,0.0,0.0,55.5
BROOKLYN,2013-10-01,29702521.0,63737.01,0.0,0.0,0.0,55.7
BROOKLYN,2013-11-01,29007286.0,62128.04,0.0,0.0,0.0,55.8
BROOKLYN,2013-12-01,32606812.0,60722.35,0.0,0.0,0.0,55.5
BROOKLYN,2014-01-01,31549145.0,60128.78,0.0,0.0,0.0,55.0
BROOKLYN,2014-02-01,31006136.0,57900.86,0.0,0.0,0.0,54.7
BROOKLYN,2014-03-01,27677501.0,56544.87,0.0,0.0,0.0,54.5
BROOKLYN,2014-04-01,27200227.0,54345.76,0.0,0.0,0.0,54.4
BROOKLYN,2014-05-01,26482161.0,54973.04,0.0,0.0,0.0,54.5
BROOKLYN,2014-06-01,34996791.0,75746.39,0.0,0.0,0.0,54.5
BROOKLYN,2014-07-01,41619347.0,78947.03,0.0,0.0,0.0,54.1
BROOKLYN,2014-08-01,36547072.0,72112.16,0.0,0.0,0.0,54.1
BROOKLYN,2014-09-01,37912996.0,84648.21,0.0,0.0,0.0,54.3
BROOKLYN,2014-10-01,27799051.0,56419.7,0.0,0.0,0.0,54.2
BROOKLYN,2014-11-01,28403610.0,57170.12,0.0,0.0,0.0,54.2
BROOKLYN,2014-12-01,32832360.0,55169.52,0.0,0.0,0.0,54.4
BROOKLYN,2015-01-01,33409665.0,55222.83,0.0,0.0,0.0,54.5
BROOKLYN,2015-02-01,30255906.0,54738.82,0.0,0.0,0.0,53.9
BROOKLYN,2015-03-01,28167030.0,51963.99,0.0,0.0,0.0,53.9
BROOKLYN,2015-04-01,27248255.0,50879.8,0.0,0.0,0.0,54.1
BROOKLYN,2015-05-01,30375859.0,54990.22,0.0,0.0,0.0,54.4
BROOKLYN,2015-06-01,33093009.0,80785.56,0.0,0.0,0.0,54.3
BROOKLYN,2015-07-01,40018037.0,82298.5,0.0,0.0,0.0,54.6
BROOKLYN,2015-08-01,45863470.0,81181.18000000001,0.0,0.0,0.0,54.9
BROOKLYN,2015-09-01,42051779.0,79492.24,0.0,0.0,0.0,55.3
BROOKLYN,2015-10-01,30389714.0,61838.82,0.0,0.0,0.0,55.2
BROOKLYN,2015-11-01,30857196.0,57283.75,0.0,0.0,0.0,55.8
BROOKLYN,2015-12-01,31143812.0,55611.77,0.0,0.0,0.0,56.7
BROOKLYN,2016-01-01,32557615.0,58325.27,0.0,0.0,0.0,57.0
BROOKLYN,2016-02-01,30270175.0,57221.7,0.0,0.0,0.0,58.2
BROOKLYN,2016-03-01,27917497.0,54820.1,0.0,0.0,0.0,59.1
BROOKLYN,2016-04-01,29482694.0,55218.59,0.0,0.0,0.0,59.0
BROOKLYN,2016-05-01,26885000.0,53640.83,0.0,0.0,0.0,58.5
BROOKLYN,2016-06-01,34408055.0,70456.41,0.0,0.0,0.0,58.6
BROOKLYN,2016-07-01,45137933.0,83972.76,0.0,0.0,0.0,58.6
BROOKLYN,2016-08-01,45237715.0,89379.54,0.0,0.0,0.0,58.6
BROOKLYN,2016-09-01,40375634.0,82057.44,0.0,0.0,0.0,58.4
BROOKLYN,2016-10-01,32205107.0,66622.44,0.0,0.0,0.0,58.5
BROOKLYN,2016-11-01,29328651.0,60208.8,0.0,0.0,0.0,58.2
BROOKLYN,2016-12-01,31063581.0,58427.54,0.0,0.0,0.0,57.2
BROOKLYN,2017-01-01,32962262.0,57506.74,0.0,0.0,0.0,57.5
BROOKLYN,2017-02-01,29029478.0,55607.01,0.0,0.0,0.0,57.8
BROOKLYN,2017-03-01,29609378.0,55706.01,0.0,0.0,0.0,57.0
BROOKLYN,2017-04-01,26429235.0,52967.11,0.0,0.0,0.0,57.3
BROOKLYN,2017-05-01,26328382.0,68763.16,0.0,0.0,0.0,57.2
BROOKLYN,2017-06-01,30954116.0,79375.27,0.0,0.0,0.0,57.1
BROOKLYN,2017-07-01,43343929.0,81571.64,0.0,0.0,0.0,57.0
BROOKLYN,2017-08-01,36696320.0,73460.97,0.0,0.0,0.0,56.6
BROOKLYN,2017-09-01,32469580.0,75673.26,0.0,0.0,0.0,56.5
BROOKLYN,2017-10-01,32389609.0,69605.25,0.0,0.0,0.0,56.9
BROOKLYN,2017-11-01,27385292.0,54246.06,0.0,0.0,0.0,56.6
BROOKLYN,2017-12-01,27220471.0,50310.61,0.0,0.0,0.0,56.4
BROOKLYN,2019-01-01,28317071.0,54108.82,0.0,0.0,0.0,56.0
BROOKLYN,2019-02-01,28256787.0,51779.21,0.0,0.0,0.0,55.5
BROOKLYN,2019-03-01,25252988.0,50176.79,0.0,0.0,0.0,55.6
BROOKLYN,2019-04-01,24667968.0,49612.0,0.0,0.0,0.0,56.1
BROOKLYN,2019-05-01,23992120.0,54791.79,0.0,0.0,0.0,55.7
BROOKLYN,2019-06-01,29112782.0,63472.9,0.0,0.0,0.0,55.7
BROOKLYN,2019-07-01,37796217.0,80091.12,0.0,0.0,0.0,55.9
BROOKLYN,2019-08-01,37317161.0,78224.72,0.0,0.0,0.0,55.7
BROOKLYN,2019-09-01,34074553.0,72436.84,0.0,0.0,0.0,55.6
BROOKLYN,2019-10-01,28596391.0,63333.71,0.0,0.0,0.0,55.8
BROOKLYN,2019-11-01,26057747.0,54050.25,0.0,0.0,0.0,55.8
BROOKLYN,2019-12-01,29619404.0,52260.7,0.0,0.0,0.0,55.6
BROOKLYN,2020-01-01,57742193.0,104282.58,0.0,0.0,0.0,56.2
BROOKLYN,2020-02-01,57850123.0,102126.96,0.0,0.0,0.0,56.5
BROOKLYN,2020-03-01,51411899.0,103322.64,0.0,0.0,0.0,57.0
BROOKLYN,2020-04-01,51946376.0,99789.62,0.0,0.0,0.0,56.6
BROOKLYN,2020-05-01,25919250.0,52975.68,0.0,0.0,0.0,56.4
BROOKLYN,2020-06-01,32008229.0,65885.47,0.0,0.0,0.0,56.6
BROOKLYN,2020-07-01,42124237.0,82538.19,0.0,0.0,0.0,56.6
BROOKLYN,2020-08-01,42182797.0,83379.66,0.0,0.0,0.0,56.8
BROOKLYN,2020-09-01,39146901.0,77641.74,0.0,0.0,0.0,56.6
BROOKLYN,2020-10-01,30084253.0,61198.65,0.0,0.0,0.0,56.5
BROOKLYN,2020-11-01,27752462.0,54727.36,0.0,0.0,0.0,57.2
BROOKLYN,2020-12-01,30841294.0,54319.17,0.0,0.0,0.0,57.3
BROOKLYN,2021-01-01,31486122.0,52105.3,0.0,0.0,0.0,56.9
BROOKLYN,2021-02-01,27841727.0,50933.39,0.0,0.0,0.0,56.4
BROOKLYN,2021-03-01,26334664.0,49239.57,0.0,0.0,0.0,56.3
BROOKLYN,2021-04-01,27075757.0,48730.55,0.0,0.0,0.0,56.6
BROOKLYN,2021-05-01,25254103.0,56766.2,0.0,0.0,0.0,56.8
BROOKLYN,2021-06-01,31034439.0,66945.5,0.0,0.0,0.0,56.9
BROOKLYN,2021-07-01,38691043.0,77996.21,0.0,0.0,0.0,56.5
BROOKLYN,2021-08-01,39396278.0,77466.4,0.0,0.0,0.0,56.6
BROOKLYN,2021-09-01,34666595.0,75603.6,0.0,0.0,0.0,56.7
BROOKLYN,2021-10-01,28578282.0,59768.75,0.0,0.0,0.0,57.1
BROOKLYN,2021-11-01,28872356.0,52378.69,0.0,0.0,0.0,56.5
BROOKLYN,2021-12-01,28548381.0,51711.78,0.0,0.0,0.0,56.9
BROOKLYN,2022-01-01,30396723.0,52577.97,0.0,0.0,0.0,56.5
BROOKLYN,2022-02-01,26858065.0,49237.66,0.0,0.0,0.0,56.8
BROOKLYN,2022-03-01,25054549.0,48660.07,0.0,0.0,0.0,56.7
BROOKLYN,2022-04-01,26195277.0,48795.94,0.0,0.0,0.0,56.6
BROOKLYN,2022-05-01,24371555.0,54966.1,0.0,0.0,0.0,56.7
BROOKLYN,2022-06-01,28304905.0,60932.72,0.0,0.0,0.0,56.4
BROOKLYN,2022-07-01,40378331.0,76455.68,0.0,0.0,0.0,56.7
BROOKLYN,2022-08-01,38504324.0,78103.76,0.0,0.0,0.0,56.9
BROOKLYN,2022-09-01,34052770.0,67491.5,0.0,0.0,0.0,56.8
BROOKLYN,2022-10-01,26826679.0,50239.04,0.0,0.0,0.0,56.4
BROOKLYN,2022-11-01,25070209.0,48549.47,0.0,0.0,0.0,56.8
BROOKLYN,2022-12-01,27110509.0,49586.57,0.0,0.0,0.0,56.3
BROOKLYN,2023-01-01,39290067.0,66275.49,0.0,0.0,0.0,57.4
BROOKLYN,2023-02-01,32053711.0,61679.6,0.0,0.0,0.0,57.7
BROOKLYN,2023-03-01,32809052.0,57031.11,0.0,0.0,0.0,57.7
BROOKLYN,2023-04-01,30376961.0,66457.19,0.0,0.0,0.0,58.1
BROOKLYN,2023-05-01,30417765.0,61019.81,0.0,0.0,0.0,58.0
BROOKLYN,2023-06-01,34339317.0,68183.68,0.0,0.0,0.0,57.9
BROOKLYN,2023-07-01,52432007.0,95804.85,0.0,0.0,0.0,57.8
BROOKLYN,2023-08-01,49983023.0,100485.75,0.0,0.0,0.0,57.5
BROOKLYN,2023-09-01,46294805.0,104167.41,0.0,0.0,0.0,57.5
BROOKLYN,2023-10-01,35380553.5,74268.17,0.0,0.0,0.0,57.8
BROOKLYN,2023-11-01,36162599.0,64564.0,0.0,0.0,0.0,57.4
BROOKLYN,2023-12-01,38516655.01,65539.48,0.0,0.0,0.0,57.9
BROOKLYN,2024-01-01,29355030.0,48233.5,0.0,0.0,0.0,57.4
BROOKLYN,2024-02-01,26502639.0,46388.08,0.0,0.0,0.0,57.3
BROOKLYN,2024-03-01,24988464.0,45943.73,0.0,0.0,0.0,57.6
BROOKLYN,2024-04-01,26254497.0,45291.23,0.0,0.0,0.0,57.4
BROOKLYN,2024-05-01,23828087.0,46373.04,0.0,0.0,0.0,57.6
BROOKLYN,2024-06-01,30300842.18,111550.82,0.0,0.0,0.0,58.0
BROOKLYN,2024-07-01,42703870.0,73252.2,0.0,0.0,0.0,58.1
BROOKLYN,2024-08-01,37169266.84,138947.4,0.0,0.0,0.0,58.1
BROOKLYN,2024-09-01,30709933.0,66830.24,0.0,0.0,0.0,58.0
BROOKLYN,2024-10-01,24558450.0,49258.95,0.0,0.0,0.0,58.1
BROOKLYN,2024-11-01,27364867.16,47287.95,0.0,0.0,0.0,58.5
BROOKLYN,2024-12-01,27298030.0,48251.23,0.0,0.0,0.0,57.9
BROOKLYN,2025-01-01,30318222.72,80933.72,0.0,0.0,0.0,57.5
BROOKLYN,2025-02-01,27925267.0,87031.0,0.0,0.0,0.0,57.0
BROOKLYN,2025-03-01,27233481.0,47657.5,0.0,0.0,0.0,56.9
BROOKLYN,2025-04-01,24837847.0,44677.57,0.0,0.0,0.0,56.9
BROOKLYN,2025-05-01,23697215.0,42362.92,0.0,0.0,0.0,56.7
BROOKLYN,2025-06-01,30691645.0,69231.06,0.0,0.0,0.0,56.5
BROOKLYN,2025-07-01,42538844.0,73363.62,0.0,0.0,0.0,56.5
BROOKLYN,2025-08-01,37805046.28,74307.82,0.0,0.0,0.0,56.4
BROOKLYN,2025-09-01,32241966.86,64641.52,0.0,0.0,0.0,56.6
FHA,2012-03-01,30.0,0.0,0.0,0.0,0.0,58.5
FHA,2012-04-01,1070.0,0.0,0.0,0.0,0.0,58.5
FHA,2012-05-01,2571.0,0.0,0.0,0.0,0.0,58.6
FHA,2012-06-01,1470.0,0.0,0.0,0.0,0.0,58.5
FHA,2012-07-01,1647.0,0.0,0.0,0.0,0.0,58.3
FHA,2012-08-01,1405.0,0.0,0.0,0.0,0.0,58.5
FHA,2012-09-01,3514.0,0.0,0.0,0.0,0.0,58.4
FHA,2012-10-01,2723.0,0.0,0.0,0.0,0.0,58.4
FHA,2012-11-01,3002.0,0.0,0.0,0.0,0.0,57.8
FHA,2012-12-01,2707.0,0.0,0.0,0.0,0.0,57.6
FHA,2013-01-01,4284.0,0.0,0.0,0.0,0.0,57.4
FHA,2013-02-01,2545.0,0.0,0.0,0.0,0.0,56.9
FHA,2013-03-01,3162.0,0.0,0.0,0.0,0.0,56.0
FHA,2013-04-01,2459.0,0.0,0.0,0.0,0.0,55.8
FHA,2013-05-01,2847.0,0.0,0.0,0.0,0.0,55.6
FHA,2013-06-01,2578.0,0.0,0.0,0.0,0.0,55.7
FHA,2013-07-01,3251.0,0.0,0.0,0.0,0.0,55.8
FHA,2013-08-01,2511.0,0.0,0.0,0.0,0.0,55.6
FHA,2013-09-01,2966.0,0.0,0.0,0.0,0.0,55.5
FHA,2013-10-01,2496.0,0.0,0.0,0.0,0.0,55.7
FHA,2013-11-01,2701.0,0.0,0.0,0.0,0.0,55.8
FHA,2013-12-01,2919.0,0.0,0.0,0.0,0.0,55.5
FHA,2014-01-01,4112.0,0.0,0.0,0.0,0.0,55.0
FHA,2014-02-01,2886.0,0.0,0.0,0.0,0.0,54.7
FHA,2014-03-01,3412.0,0.0,0.0,0.0,0.0,54.5
FHA,2014-04-01,2435.0,0.0,0.0,0.0,0.0,54.4
FHA,2014-05-01,2533.0,0.0,0.0,0.0,0.0,54.5
FHA,2014-06-01,2342.0,0.0,0.0,0.0,0.0,54.5
FHA,2014-07-01,3607.0,0.0,0.0,0.0,0.0,54.1
FHA,2014-08-01,1232.0,0.0,0.0,0.0,0.0,54.1
FHA,2014-09-01,1438.0,0.0,0.0,0.0,0.0,54.3
FHA,2014-10-01,1325.0,0.0,0.0,0.0,0.0,54.2
FHA,2014-11-01,1372.0,0.0,0.0,0.0,0.0,54.2
FHA,2014-12-01,1540.0,0.0,0.0,0.0,0.0,54.4
FHA,2015-01-01,1581.0,0.0,0.0,0.0,0.0,54.5
FHA,2015-02-01,1435.0,0.0,0.0,0.0,0.0,53.9
FHA,2015-03-01,1340.0,0.0,0.0,0.0,0.0,53.9
FHA,2015-04-01,1268.0,0.0,0.0,0.0,0.0,54.1
FHA,2015-05-01,1274.0,0.0,0.0,0.0,0.0,54.4
FHA,2015-06-01,1174.0,0.0,0.0,0.0,0.0,54.3
FHA,2015-07-01,1207.0,0.0,0.0,0.0,0.0,54.6
FHA,2015-08-01,1490.0,0.0,0.0,0.0,0.0,54.9
FHA,2015-09-01,1416.0,0.0,0.0,0.0,0.0,55.3
FHA,2015-10-01,1467.0,0.0,0.0,0.0,0.0,55.2
FHA,2015-11-01,1559.0,0.0,0.0,0.0,0.0,55.8
FHA,2015-12-01,1633.0,0.0,0.0,0.0,0.0,56.7
FHA,2016-01-01,1788.0,0.0,0.0,0.0,0.0,57.0
FHA,2016-02-01,1703.0,0.0,0.0,0.0,0.0,58.2
FHA,2016-03-01,1573.0,0.0,0.0,0.0,0.0,59.1
FHA,2016-04-01,1637.0,0.0,0.0,0.0,0.0,59.0
FHA,2016-05-01,1527.0,0.0,0.0,0.0,0.0,58.5
FHA,2016-06-01,1454.0,0.0,0.0,0.0,0.0,58.6
FHA,2016-07-01,1535.0,0.0,0.0,0.0,0.0,58.6
FHA,2016-08-01,1430.0,0.0,0.0,0.0,0.0,58.6
FHA,2016-09-01,1495.0,0.0,0.0,0.0,0.0,58.4
FHA,2016-10-01,1704.0,0.0,0.0,0.0,0.0,58.5
FHA,2016-11-01,1900.0,0.0,0.0,0.0,0.0,58.2
FHA,2016-12-01,2123.0,0.0,0.0,0.0,0.0,57.2
FHA,2017-01-01,2641.0,21.38,0.0,0.0,0.0,57.5
FHA,2017-02-01,2358.0,20.04,0.0,0.0,0.0,57.8
FHA,2017-03-01,1992.0,20.99,0.0,0.0,0.0,57.0
FHA,2017-04-01,1672.0,19.63,0.0,0.0,0.0,57.3
FHA,2017-05-01,1608.0,16.71,0.0,0.0,0.0,57.2
FHA,2017-06-01,1673.0,17.88,0.0,0.0,0.0,57.1
FHA,2017-07-01,2100.0,19.24,0.0,0.0,0.0,57.0
FHA,2017-08-01,1708.0,17.3,0.0,0.0,0.0,56.6
FHA,2017-09-01,1801.0,17.88,0.0,0.0,0.0,56.5
FHA,2017-10-01,1789.0,19.05,0.0,0.0,0.0,56.9
FHA,2017-11-01,1757.0,25.65,0.0,0.0,0.0,56.6
FHA,2017-12-01,2312.0,19.24,0.0,0.0,0.0,56.4
FHA,2019-01-01,2403.0,0.0,0.0,0.0,0.0,56.0
FHA,2019-02-01,2410.0,0.0,0.0,0.0,0.0,55.5
FHA,2019-03-01,2213.0,0.0,0.0,0.0,0.0,55.6
FHA,2019-04-01,2076.0,0.0,0.0,0.0,0.0,56.1
FHA,2019-05-01,2223.0,0.0,0.0,0.0,0.0,55.7
FHA,2019-06-01,2203.0,0.0,0.0,0.0,0.0,55.7
FHA,2019-07-01,2115.0,0.0,0.0,0.0,0.0,55.9
FHA,2019-08-01,2245.0,0.0,0.0,0.0,0.0,55.7
FHA,2019-09-01,2020.0,0.24,0.0,0.0,0.0,55.6
FHA,2019-10-01,1968.0,0.48,0.0,0.0,0.0,55.8
FHA,2019-11-01,2183.0,0.24,0.0,0.0,0.0,55.8
FHA,2019-12-01,2651.0,0.36,0.0,0.0,0.0,55.6
FHA,2020-01-01,5878.0,0.0,0.0,0.0,0.0,56.2
FHA,2020-02-01,6008.0,0.0,0.0,0.0,0.0,56.5
FHA,2020-03-01,5633.0,0.0,0.0,0.0,0.0,57.0
FHA,2020-04-01,5635.0,0.0,0.0,0.0,0.0,56.6
FHA,2020-05-01,2209.0,0.0,0.0,0.0,0.0,56.4
FHA,2020-06-01,2038.0,0.0,0.0,0.0,0.0,56.6
FHA,2020-07-01,2719.0,0.0,0.0,0.0,0.0,56.6
FHA,2020-08-01,2529.0,0.0,0.0,0.0,0.0,56.8
FHA,2020-09-01,2911.0,0.0,0.0,0.0,0.0,56.6
FHA,2020-10-01,2718.0,0.0,0.0,0.0,0.0,56.5
FHA,2020-11-01,2115.0,0.0,0.0,0.0,0.0,57.2
FHA,2020-12-01,2080.0,0.0,0.0,0.0,0.0,57.3
FHA,2021-01-01,2412.0,0.0,0.0,0.0,0.0,56.9
FHA,2021-02-01,2142.0,0.0,0.0,0.0,0.0,56.4
FHA,2021-03-01,2017.0,0.0,0.0,0.0,0.0,56.3
FHA,2021-04-01,1884.0,0.0,0.0,0.0,0.0,56.6
FHA,2021-05-01,1739.0,0.0,0.0,0.0,0.0,56.8
FHA,2021-06-01,1933.0,0.0,0.0,0.0,0.0,56.9
FHA,2021-07-01,1520.0,0.0,0.0,0.0,0.0,56.5
FHA,2021-08-01,1677.0,0.0,0.0,0.0,0.0,56.6
FHA,2021-09-01,1616.0,0.0,0.0,0.0,0.0,56.7
FHA,2021-10-01,1694.0,0.0,0.0,0.0,0.0,57.1
FHA,2021-11-01,1893.0,0.0,0.0,0.0,0.0,56.5
FHA,2021-12-01,2061.0,0.0,0.0,0.0,0.0,56.9
FHA,2022-01-01,2143.0,0.0,0.0,0.0,0.0,56.5
FHA,2022-02-01,2575.0,0.0,0.0,0.0,0.0,56.8
FHA,2022-03-01,1912.0,0.0,0.0,0.0,0.0,56.7
FHA,2022-04-01,1758.0,0.0,0.0,0.0,0.0,56.6
FHA,2022-05-01,1462.0,0.0,0.0,0.0,0.0,56.7
FHA,2022-06-01,1291.0,0.0,0.0,0.0,0.0,56.4
FHA,2022-07-01,1464.0,0.0,0.0,0.0,0.0,56.7
FHA,2022-08-01,1403.0,0.0,0.0,0.0,0.0,56.9
FHA,2022-09-01,1480.0,0.0,0.0,0.0,0.0,56.8
FHA,2022-10-01,1803.0,0.0,0.0,0.0,0.0,56.4
FHA,2022-11-01,1660.0,0.0,0.0,0.0,0.0,56.8
FHA,2022-12-01,2685.0,0.0,0.0,0.0,0.0,56.3
FHA,2023-01-01,828120.0,1497.6,0.0,0.0,0.0,57.4
FHA,2023-02-01,730280.0,1402.0,0.0,0.0,0.0,57.7
FHA,2023-03-01,747040.0,1348.4,0.0,0.0,0.0,57.7
FHA,2023-04-01,720840.0,1582.8,0.0,0.0,0.0,58.1
FHA,2023-05-01,689800.0,1492.4,0.0,0.0,0.0,58.0
FHA,2023-06-01,749600.0,1458.0,0.0,0.0,0.0,57.9
FHA,2023-07-01,1223920.0,2269.2,0.0,0.0,0.0,57.8
FHA,2023-08-01,962800.0,2077.6,0.0,0.0,0.0,57.5
FHA,2023-09-01,900560.0,2057.6,0.0,0.0,0.0,57.5
FHA,2023-10-01,690210.0,1404.9,0.0,0.0,0.0,57.8
FHA,2023-11-01,747289.0,1432.37,0.0,0.0,0.0,57.4
FHA,2023-12-01,721297.0,1379.5,0.0,0.0,0.0,57.9
FHA,2024-01-01,2965.0,3.5700000000000003,0.0,0.0,0.0,57.4
FHA,2024-02-01,2712.0,3.5500000000000003,0.0,0.0,0.0,57.3
FHA,2024-03-01,2424.0,3.55,0.0,0.0,0.0,57.6
FHA,2024-04-01,2736.0,3.54,0.0,0.0,0.0,57.4
FHA,2024-05-01,2332.0,4.22,0.0,0.0,0.0,57.6
FHA,2024-06-01,2113.0,3.7300000000000004,0.0,0.0,0.0,58.0
FHA,2024-07-01,2323.0,2.84,0.0,0.0,0.0,58.1
FHA,2024-08-01,2332.0,3.02,0.0,0.0,0.0,58.1
FHA,2024-09-01,2096.0,2.8600000000000003,0.0,0.0,0.0,58.0
FHA,2024-10-01,2181.0,3.34,0.0,0.0,0.0,58.1
FHA,2024-11-01,2571.0,4.430000000000001,0.0,0.0,0.0,58.5
FHA,2024-12-01,2651.0,3.47,0.0,0.0,0.0,57.9
FHA,2025-01-01,3367.0,3.4299999999999997,0.0,0.0,0.0,57.5
FHA,2025-02-01,2881.0,3.5999999999999996,0.0,0.0,0.0,57.0
FHA,2025-03-01,2757.0,4.01,0.0,0.0,0.0,56.9
FHA,2025-04-01,2476.0,4.09,0.0,0.0,0.0,56.9
FHA,2025-05-01,2015.0,3.15,0.0,0.0,0.0,56.7
FHA,2025-06-01,2186.0,3.8299999999999996,0.0,0.0,0.0,56.5
FHA,2025-07-01,1727.0,2.91,0.0,0.0,0.0,56.5
FHA,2025-08-01,1752.0,3.4699999999999998,0.0,0.0,0.0,56.4
FHA,2025-09-01,2179.0,6.4399999999999995,0.0,0.0,0.0,56.6
MANHATTAN,2010-01-01,30656612.0,50806.11,0.0,0.0,0.0,54.7
MANHATTAN,2010-02-01,26832805.0,49036.21,0.0,0.0,0.0,54.4
MANHATTAN,2010-03-01,25712414.0,49566.99,0.0,0.0,0.0,54.9
MANHATTAN,2010-04-01,25739077.0,50494.86,0.0,0.0,0.0,55.2
MANHATTAN,2010-05-01,26138619.0,59454.6,0.0,0.0,0.0,55.4
MANHATTAN,2010-06-01,34584149.0,71830.99,0.0,0.0,0.0,56.0
MANHATTAN,2010-07-01,45843344.0,85439.25,0.0,0.0,0.0,56.7
MANHATTAN,2010-08-01,45489596.0,82382.91,0.0,0.0,0.0,56.9
MANHATTAN,2010-09-01,34552552.0,81047.86,0.0,0.0,0.0,57.3
MANHATTAN,2010-10-01,28097254.0,62757.93,0.0,0.0,0.0,57.5
MANHATTAN,2010-11-01,27881289.0,52682.3,0.0,0.0,0.0,57.3
MANHATTAN,2010-12-01,28332968.0,51468.84,0.0,0.0,0.0,57.0
MANHATTAN,2012-01-01,29348925.0,50022.43,0.0,0.0,0.0,57.4
MANHATTAN,2012-02-01,26084585.0,47247.59,0.0,0.0,0.0,57.8
MANHATTAN,2012-03-01,25979660.0,47736.08,0.0,0.0,0.0,58.5
MANHATTAN,2012-04-01,24264050.0,50007.9,0.0,0.0,0.0,58.5
MANHATTAN,2012-05-01,24962319.0,48620.09,0.0,0.0,0.0,58.6
MANHATTAN,2012-06-01,32227031.0,78519.25,0.0,0.0,0.0,58.5
MANHATTAN,2012-07-01,46875207.0,83669.68,0.0,0.0,0.0,58.3
MANHATTAN,2012-08-01,41617136.0,79210.62,0.0,0.0,0.0,58.5
MANHATTAN,2012-09-01,36034831.0,71495.12,0.0,0.0,0.0,58.4
MANHATTAN,2012-10-01,28588597.0,54405.83,0.0,0.0,0.0,58.4
MANHATTAN,2012-11-01,24876405.0,51281.87,0.0,0.0,0.0,57.8
MANHATTAN,2012-12-01,28396417.0,49883.44,0.0,0.0,0.0,57.6
MANHATTAN,2013-01-01,27806310.0,49723.72,0.0,0.0,0.0,57.4
MANHATTAN,2013-02-01,27741762.0,48703.87,0.0,0.0,0.0,56.9
MANHATTAN,2013-03-01,24633644.0,47112.15,0.0,0.0,0.0,56.0
MANHATTAN,2013-04-01,24078664.0,50215.68,0.0,0.0,0.0,55.8
MANHATTAN,2013-05-01,24083222.0,57436.52,0.0,0.0,0.0,55.6
MANHATTAN,2013-06-01,33433307.0,75190.6,0.0,0.0,0.0,55.7
MANHATTAN,2013-07-01,47622640.0,92085.09,0.0,0.0,0.0,55.8
MANHATTAN,2013-08-01,35386633.0,73980.64,0.0,0.0,0.0,55.6
MANHATTAN,2013-09-01,36464416.0,81089.27,0.0,0.0,0.0,55.5
MANHATTAN,2013-10-01,26495294.0,60691.4,0.0,0.0,0.0,55.7
MANHATTAN,2013-11-01,25430095.0,51961.04,0.0,0.0,0.0,55.8
MANHATTAN,2013-12-01,29287123.0,52366.74,0.0,0.0,0.0,55.5
MANHATTAN,2014-01-01,27853228.0,52280.04,0.0,0.0,0.0,55.0
MANHATTAN,2014-02-01,27423784.0,50068.25,0.0,0.0,0.0,54.7
MANHATTAN,2014-03-01,24444266.0,48740.52,0.0,0.0,0.0,54.5
MANHATTAN,2014-04-01,23784981.0,46683.26,0.0,0.0,0.0,54.4
MANHATTAN,2014-05-01,23983145.0,50979.95,0.0,0.0,0.0,54.5
MANHATTAN,2014-06-01,31853812.0,70732.82,0.0,0.0,0.0,54.5
MANHATTAN,2014-07-01,39413043.0,77082.84,0.0,0.0,0.0,54.1
MANHATTAN,2014-08-01,35660275.0,62838.58,0.0,0.0,0.0,54.1
MANHATTAN,2014-09-01,37132090.0,97933.3,0.0,0.0,0.0,54.3
MANHATTAN,2014-10-01,26247702.0,57022.44,0.0,0.0,0.0,54.2
MANHATTAN,2014-11-01,25401091.0,49518.71,0.0,0.0,0.0,54.2
MANHATTAN,2014-12-01,28588211.0,48615.67,0.0,0.0,0.0,54.4
MANHATTAN,2015-01-01,29168469.0,49753.76,0.0,0.0,0.0,54.5
MANHATTAN,2015-02-01,26255444.0,49791.2,0.0,0.0,0.0,53.9
MANHATTAN,2015-03-01,24442603.0,46900.69,0.0,0.0,0.0,53.9
MANHATTAN,2015-04-01,23882242.0,46104.34,0.0,0.0,0.0,54.1
MANHATTAN,2015-05-01,27348833.0,56053.03,0.0,0.0,0.0,54.4
MANHATTAN,2015-06-01,31756946.0,75858.91,0.0,0.0,0.0,54.3
MANHATTAN,2015-07-01,38733106.0,83181.25,0.0,0.0,0.0,54.6
MANHATTAN,2015-08-01,44300786.0,82922.34,0.0,0.0,0.0,54.9
MANHATTAN,2015-09-01,38681118.0,80004.24,0.0,0.0,0.0,55.3
MANHATTAN,2015-10-01,26844605.0,58265.47,0.0,0.0,0.0,55.2
MANHATTAN,2015-11-01,27160483.0,48275.42,0.0,0.0,0.0,55.8
MANHATTAN,2015-12-01,27575953.0,49155.62,0.0,0.0,0.0,56.7
MANHATTAN,2016-01-01,28818861.0,49744.06,0.0,0.0,0.0,57.0
MANHATTAN,2016-02-01,26469098.0,49488.36,0.0,0.0,0.0,58.2
MANHATTAN,2016-03-01,24309796.0,47748.2,0.0,0.0,0.0,59.1
MANHATTAN,2016-04-01,25855780.0,47517.75,0.0,0.0,0.0,59.0
MANHATTAN,2016-05-01,23786998.0,45894.65,0.0,0.0,0.0,58.5
MANHATTAN,2016-06-01,33302636.0,67227.32,0.0,0.0,0.0,58.6
MANHATTAN,2016-07-01,44023203.0,80765.47,0.0,0.0,0.0,58.6
MANHATTAN,2016-08-01,43879367.0,86678.87,0.0,0.0,0.0,58.6
MANHATTAN,2016-09-01,38708190.0,78799.32,0.0,0.0,0.0,58.4
MANHATTAN,2016-10-01,28399831.0,63204.43,0.0,0.0,0.0,58.5
MANHATTAN,2016-11-01,26142980.0,51256.55,0.0,0.0,0.0,58.2
MANHATTAN,2016-12-01,27079858.0,49454.29,0.0,0.0,0.0,57.2
MANHATTAN,2017-01-01,26706054.0,45577.43,0.0,0.0,0.0,57.5
MANHATTAN,2017-02-01,23536382.0,43973.64,0.0,0.0,0.0,57.8
MANHATTAN,2017-03-01,23983854.0,43905.67,0.0,0.0,0.0,57.0
MANHATTAN,2017-04-01,22198652.0,42935.659999999996,0.0,0.0,0.0,57.3
MANHATTAN,2017-05-01,22373037.0,62521.96,0.0,0.0,0.0,57.2
MANHATTAN,2017-06-01,27596070.0,73098.59,0.0,0.0,0.0,57.1
MANHATTAN,2017-07-01,40319733.0,74813.4,0.0,0.0,0.0,57.0
MANHATTAN,2017-08-01,33040389.0,66570.12,0.0,0.0,0.0,56.6
MANHATTAN,2017-09-01,28156283.0,69188.18,0.0,0.0,0.0,56.5
MANHATTAN,2017-10-01,28090814.0,61749.82,0.0,0.0,0.0,56.9
MANHATTAN,2017-11-01,19020251.0,37282.35,0.0,0.0,0.0,56.6
MANHATTAN,2017-12-01,18178186.0,33048.18,0.0,0.0,0.0,56.4
MANHATTAN,2019-01-01,23135468.0,42077.62,0.0,0.0,0.0,56.0
MANHATTAN,2019-02-01,23285224.0,41342.93,0.0,0.0,0.0,55.5
MANHATTAN,2019-03-01,20889649.0,39130.29,0.0,0.0,0.0,55.6
MANHATTAN,2019-04-01,20639446.0,38496.18,0.0,0.0,0.0,56.1
MANHATTAN,2019-05-01,20496569.0,45837.67,0.0,0.0,0.0,55.7
MANHATTAN,2019-06-01,25142603.0,50758.09,0.0,0.0,0.0,55.7
MANHATTAN,2019-07-01,34789220.0,71092.39,0.0,0.0,0.0,55.9
MANHATTAN,2019-08-01,32741622.0,67549.68000000001,0.0,0.0,0.0,55.7
MANHATTAN,2019-09-01,32952323.0,72691.37,0.0,0.0,0.0,55.6
MANHATTAN,2019-10-01,26734773.0,63185.93,0.0,0.0,0.0,55.8
MANHATTAN,2019-11-01,23957118.0,45909.45,0.0,0.0,0.0,55.8
MANHATTAN,2019-12-01,27118553.0,46448.09,0.0,0.0,0.0,55.6
MANHATTAN,2020-01-01,51482078.0,91581.05,0.0,0.0,0.0,56.2
MANHATTAN,2020-02-01,52144906.0,90125.84,0.0,0.0,0.0,56.5
MANHATTAN,2020-03-01,47552906.0,90866.75,0.0,0.0,0.0,57.0
MANHATTAN,2020-04-01,47924970.0,89001.0,0.0,0.0,0.0,56.6
MANHATTAN,2020-05-01,23576377.0,46582.54,0.0,0.0,0.0,56.4
MANHATTAN,2020-06-01,32085141.0,67160.3,0.0,0.0,0.0,56.6
MANHATTAN,2020-07-01,41547237.0,80596.65,0.0,0.0,0.0,56.6
MANHATTAN,2020-08-01,42148891.0,82027.4,0.0,0.0,0.0,56.8
MANHATTAN,2020-09-01,36851986.0,74842.97,0.0,0.0,0.0,56.6
MANHATTAN,2020-10-01,25639614.0,54100.6,0.0,0.0,0.0,56.5
MANHATTAN,2020-11-01,25043615.0,47236.92,0.0,0.0,0.0,57.2
MANHATTAN,2020-12-01,28175155.0,48781.78,0.0,0.0,0.0,57.3
MANHATTAN,2021-01-01,28468259.0,45869.62,0.0,0.0,0.0,56.9
MANHATTAN,2021-02-01,25001248.0,45597.41,0.0,0.0,0.0,56.4
MANHATTAN,2021-03-01,23749824.0,44863.96,0.0,0.0,0.0,56.3
MANHATTAN,2021-04-01,24705892.0,43964.87,0.0,0.0,0.0,56.6
MANHATTAN,2021-05-01,23098287.0,57628.07,0.0,0.0,0.0,56.8
MANHATTAN,2021-06-01,30405600.0,69116.98,0.0,0.0,0.0,56.9
MANHATTAN,2021-07-01,37694637.0,79112.41,0.0,0.0,0.0,56.5
MANHATTAN,2021-08-01,38835642.0,77541.24,0.0,0.0,0.0,56.6
MANHATTAN,2021-09-01,34014722.0,74542.53,0.0,0.0,0.0,56.7
MANHATTAN,2021-10-01,25330020.0,54776.35,0.0,0.0,0.0,57.1
MANHATTAN,2021-11-01,25052351.0,45657.4,0.0,0.0,0.0,56.5
MANHATTAN,2021-12-01,25580203.0,46002.25,0.0,0.0,0.0,56.9
MANHATTAN,2022-01-01,26954391.0,46269.35,0.0,0.0,0.0,56.5
MANHATTAN,2022-02-01,24301997.0,45268.29,0.0,0.0,0.0,56.8
MANHATTAN,2022-03-01,22977474.0,43989.04,0.0,0.0,0.0,56.7
MANHATTAN,2022-04-01,24078675.0,43791.03,0.0,0.0,0.0,56.6
MANHATTAN,2022-05-01,23016682.0,56747.03,0.0,0.0,0.0,56.7
MANHATTAN,2022-06-01,27969033.0,63554.13,0.0,0.0,0.0,56.4
MANHATTAN,2022-07-01,40616970.0,76556.69,0.0,0.0,0.0,56.7
MANHATTAN,2022-08-01,38093041.0,79052.65,0.0,0.0,0.0,56.9
MANHATTAN,2022-09-01,32748206.0,67187.43,0.0,0.0,0.0,56.8
MANHATTAN,2022-10-01,24473567.0,44663.07,0.0,0.0,0.0,56.4
MANHATTAN,2022-11-01,22862565.0,43481.92,0.0,0.0,0.0,56.8
MANHATTAN,2022-12-01,24607942.0,43436.25,0.0,0.0,0.0,56.3
MANHATTAN,2023-01-01,19974354.0,33924.76,0.0,0.0,0.0,57.4
MANHATTAN,2023-02-01,17902252.0,33853.11,0.0,0.0,0.0,57.7
MANHATTAN,2023-03-01,18194662.0,31626.11,0.0,0.0,0.0,57.7
MANHATTAN,2023-04-01,19647550.0,37724.63,0.0,0.0,0.0,58.1
MANHATTAN,2023-05-01,16953889.0,36682.43,0.0,0.0,0.0,58.0
MANHATTAN,2023-06-01,18654379.0,36262.08,0.0,0.0,0.0,57.9
MANHATTAN,2023-07-01,28612309.0,50964.1,0.0,0.0,0.0,57.8
MANHATTAN,2023-08-01,24960628.0,53169.32,0.0,0.0,0.0,57.5
MANHATTAN,2023-09-01,25556438.0,54718.11,0.0,0.0,0.0,57.5
MANHATTAN,2023-10-01,16713041.0,35148.79,0.0,0.0,0.0,57.8
MANHATTAN,2023-11-01,17212639.0,30296.38,0.0,0.0,0.0,57.4
MANHATTAN,2023-12-01,16442126.0,31317.25,0.0,0.0,0.0,57.9
MANHATTAN,2024-01-01,25678069.0,42422.22,0.0,0.0,0.0,57.4
MANHATTAN,2024-02-01,23063499.0,46414.28,0.0,0.0,0.0,57.3
MANHATTAN,2024-03-01,22035910.0,40791.75,0.0,0.0,0.0,57.6
MANHATTAN,2024-04-01,23401866.0,40433.42,0.0,0.0,0.0,57.4
MANHATTAN,2024-05-01,21510788.0,42893.14,0.0,0.0,0.0,57.6
MANHATTAN,2024-06-01,29476647.0,64100.4,0.0,0.0,0.0,58.0
MANHATTAN,2024-07-01,41795668.0,74677.85,0.0,0.0,0.0,58.1
MANHATTAN,2024-08-01,35259187.0,70697.49,0.0,0.0,0.0,58.1
MANHATTAN,2024-09-01,28362886.0,66047.39,0.0,0.0,0.0,58.0
MANHATTAN,2024-10-01,21986154.0,44209.67,0.0,0.0,0.0,58.1
MANHATTAN,2024-11-01,24843405.0,42711.07,0.0,0.0,0.0,58.5
MANHATTAN,2024-12-01,24316062.0,41957.54,0.0,0.0,0.0,57.9
MANHATTAN,2025-01-01,26842130.0,43165.93,0.0,0.0,0.0,57.5
MANHATTAN,2025-02-01,24282815.0,39852.78,0.0,0.0,0.0,57.0
MANHATTAN,2025-03-01,24078011.0,42592.07,0.0,0.0,0.0,56.9
MANHATTAN,2025-04-01,21939223.0,40228.37,0.0,0.0,0.0,56.9
MANHATTAN,2025-05-01,22621478.0,44504.17,0.0,0.0,0.0,56.7
MANHATTAN,2025-06-01,27780042.0,67884.14,0.0,0.0,0.0,56.5
MANHATTAN,2025-07-01,39023598.43,72753.25,0.0,0.0,0.0,56.5
MANHATTAN,2025-08-01,34630860.33,72602.03,0.0,0.0,0.0,56.4
MANHATTAN,2025-09-01,27904994.45,49347.13,0.0,0.0,0.0,56.6
NON DEVELOPMENT FACILITY,2010-01-01,2437409.0,3213.7000000000003,0.0,0.0,0.0,54.7
NON DEVELOPMENT FACILITY,2010-02-01,2228257.0,3176.72,0.0,0.0,0.0,54.4
NON DEVELOPMENT FACILITY,2010-03-01,2176547.0,3174.78,0.0,0.0,0.0,54.9
NON DEVELOPMENT FACILITY,2010-04-01,2304864.0,3429.68,0.0,0.0,0.0,55.2
NON DEVELOPMENT FACILITY,2010-05-01,2302998.0,3849.2000000000003,0.0,0.0,0.0,55.4
NON DEVELOPMENT FACILITY,2010-06-01,2742637.0,4122.76,0.0,0.0,0.0,56.0
NON DEVELOPMENT FACILITY,2010-07-01,2975359.0,4157.6,0.0,0.0,0.0,56.7
NON DEVELOPMENT FACILITY,2010-08-01,2850061.0,4073.16,0.0,0.0,0.0,56.9
NON DEVELOPMENT FACILITY,2010-09-01,2730182.0,4033.7599999999998,0.0,0.0,0.0,57.3
NON DEVELOPMENT FACILITY,2010-10-01,2497880.0,3872.56,0.0,0.0,0.0,57.5
NON DEVELOPMENT FACILITY,2010-11-01,2303432.0,3579.12,0.0,0.0,0.0,57.3
NON DEVELOPMENT FACILITY,2010-12-01,2301910.0,3201.3199999999997,0.0,0.0,0.0,57.0
NON DEVELOPMENT FACILITY,2012-01-01,2314164.0,4521.08,0.0,0.0,0.0,57.4
NON DEVELOPMENT FACILITY,2012-02-01,2189823.0,4559.4800000000005,0.0,0.0,0.0,57.8
NON DEVELOPMENT FACILITY,2012-03-01,2219159.0,4793.8,0.0,0.0,0.0,58.5
NON DEVELOPMENT FACILITY,2012-04-01,2087860.0,4828.2,0.0,0.0,0.0,58.5
NON DEVELOPMENT FACILITY,2012-05-01,2166159.0,5079.92,0.0,0.0,0.0,58.6
NON DEVELOPMENT FACILITY,2012-06-01,2630626.0,5738.44,0.0,0.0,0.0,58.5
NON DEVELOPMENT FACILITY,2012-07-01,2967391.0,5793.24,0.0,0.0,0.0,58.3
NON DEVELOPMENT FACILITY,2012-08-01,2690074.0,5710.24,0.0,0.0,0.0,58.5
NON DEVELOPMENT FACILITY,2012-09-01,2683271.0,5682.92,0.0,0.0,0.0,58.4
NON DEVELOPMENT FACILITY,2012-10-01,2458328.0,5418.24,0.0,0.0,0.0,58.4
NON DEVELOPMENT FACILITY,2012-11-01,1943339.0,4874.83,0.0,0.0,0.0,57.8
NON DEVELOPMENT FACILITY,2012-12-01,2482395.0,5612.95,0.0,0.0,0.0,57.6
NON DEVELOPMENT FACILITY,2013-01-01,2347164.0,4695.16,0.0,0.0,0.0,57.4
NON DEVELOPMENT FACILITY,2013-02-01,2486265.0,4612.9800000000005,0.0,0.0,0.0,56.9
NON DEVELOPMENT FACILITY,2013-03-01,2141433.0,4582.16,0.0,0.0,0.0,56.0
NON DEVELOPMENT FACILITY,2013-04-01,2107958.0,4908.12,0.0,0.0,0.0,55.8
NON DEVELOPMENT FACILITY,2013-05-01,2225281.0,5260.9400000000005,0.0,0.0,0.0,55.6
NON DEVELOPMENT FACILITY,2013-06-01,2770263.0,5630.21,0.0,0.0,0.0,55.7
NON DEVELOPMENT FACILITY,2013-07-01,2951172.0,5895.69,0.0,0.0,0.0,55.8
NON DEVELOPMENT FACILITY,2013-08-01,2632407.0,5528.44,0.0,0.0,0.0,55.6
NON DEVELOPMENT FACILITY,2013-09-01,2765303.0,5654.96,0.0,0.0,0.0,55.5
NON DEVELOPMENT FACILITY,2013-10-01,2422649.0,5262.97,0.0,0.0,0.0,55.7
NON DEVELOPMENT FACILITY,2013-11-01,2113977.0,4731.73,0.0,0.0,0.0,55.8
NON DEVELOPMENT FACILITY,2013-12-01,2332271.0,4495.58,0.0,0.0,0.0,55.5
NON DEVELOPMENT FACILITY,2014-01-01,2226185.0,4467.36,0.0,0.0,0.0,55.0
NON DEVELOPMENT FACILITY,2014-02-01,2330602.0,4462.79,0.0,0.0,0.0,54.7
NON DEVELOPMENT FACILITY,2014-03-01,2109476.0,4487.45,0.0,0.0,0.0,54.5
NON DEVELOPMENT FACILITY,2014-04-01,2120752.0,4663.34,0.0,0.0,0.0,54.4
NON DEVELOPMENT FACILITY,2014-05-01,2129465.0,4787.96,0.0,0.0,0.0,54.5
NON DEVELOPMENT FACILITY,2014-06-01,2594311.0,5472.0,0.0,0.0,0.0,54.5
NON DEVELOPMENT FACILITY,2014-07-01,2737711.0,5615.34,0.0,0.0,0.0,54.1
NON DEVELOPMENT FACILITY,2014-08-01,2549819.0,5354.14,0.0,0.0,0.0,54.1
NON DEVELOPMENT FACILITY,2014-09-01,2723028.0,4527.02,0.0,0.0,0.0,54.3
NON DEVELOPMENT FACILITY,2014-10-01,2390338.0,5083.860000000001,0.0,0.0,0.0,54.2
NON DEVELOPMENT FACILITY,2014-11-01,2131115.0,4789.55,0.0,0.0,0.0,54.2
NON DEVELOPMENT FACILITY,2014-12-01,2372668.0,4667.2,0.0,0.0,0.0,54.4
NON DEVELOPMENT FACILITY,2019-09-01,2585645.0,5281.35,0.0,0.0,0.0,55.6
NON DEVELOPMENT FACILITY,2019-10-01,2229736.0,4996.92,0.0,0.0,0.0,55.8
NON DEVELOPMENT FACILITY,2019-11-01,2021564.0,4442.09,0.0,0.0,0.0,55.8
NON DEVELOPMENT FACILITY,2019-12-01,2203971.0,4173.7300000000005,0.0,0.0,0.0,55.6
NON DEVELOPMENT FACILITY,2020-01-01,4085614.0,8402.08,0.0,0.0,0.0,56.2
NON DEVELOPMENT FACILITY,2020-02-01,4293572.0,8655.68,0.0,0.0,0.0,56.5
NON DEVELOPMENT FACILITY,2020-03-01,3810424.0,8151.360000000001,0.0,0.0,0.0,57.0
NON DEVELOPMENT FACILITY,2020-04-01,3567464.0,7316.3,0.0,0.0,0.0,56.6
NON DEVELOPMENT FACILITY,2020-05-01,1869212.0,3874.56,0.0,0.0,0.0,56.4
NON DEVELOPMENT FACILITY,2020-06-01,2293058.0,4458.58,0.0,0.0,0.0,56.6
NON DEVELOPMENT FACILITY,2020-07-01,2416341.0,4920.7300000000005,0.0,0.0,0.0,56.6
NON DEVELOPMENT FACILITY,2020-08-01,2410434.0,5040.06,0.0,0.0,0.0,56.8
NON DEVELOPMENT FACILITY,2020-09-01,2466293.0,4761.6,0.0,0.0,0.0,56.6
NON DEVELOPMENT FACILITY,2020-10-01,2141515.0,4455.72,0.0,0.0,0.0,56.5
NON DEVELOPMENT FACILITY,2020-11-01,1938542.0,4070.87,0.0,0.0,0.0,57.2
NON DEVELOPMENT FACILITY,2020-12-01,2358352.0,3883.74,0.0,0.0,0.0,57.3
NON DEVELOPMENT FACILITY,2021-01-01,2040105.0,3709.64,0.0,0.0,0.0,56.9
NON DEVELOPMENT FACILITY,2021-02-01,1879360.0,3615.44,0.0,0.0,0.0,56.4
NON DEVELOPMENT FACILITY,2021-03-01,1762705.0,3608.37,0.0,0.0,0.0,56.3
NON DEVELOPMENT FACILITY,2021-04-01,1797036.0,3764.37,0.0,0.0,0.0,56.6
NON DEVELOPMENT FACILITY,2021-05-01,1722289.0,3970.21,0.0,0.0,0.0,56.8
NON DEVELOPMENT FACILITY,2021-06-01,2080212.0,4589.02,0.0,0.0,0.0,56.9
NON DEVELOPMENT FACILITY,2021-07-01,2359807.0,4567.22,0.0,0.0,0.0,56.5
NON DEVELOPMENT FACILITY,2021-08-01,2351540.0,4772.33,0.0,0.0,0.0,56.6
NON DEVELOPMENT FACILITY,2021-09-01,2210229.0,4657.26,0.0,0.0,0.0,56.7
NON DEVELOPMENT FACILITY,2021-10-01,2125688.0,4522.0599999999995,0.0,0.0,0.0,57.1
NON DEVELOPMENT FACILITY,2021-11-01,1903100.0,4037.21,0.0,0.0,0.0,56.5
NON DEVELOPMENT FACILITY,2021-12-01,1891260.0,3971.13,0.0,0.0,0.0,56.9
NON DEVELOPMENT FACILITY,2022-01-01,2003804.0,3748.92,0.0,0.0,0.0,56.5
NON DEVELOPMENT FACILITY,2022-02-01,1801342.0,3664.38,0.0,0.0,0.0,56.8
NON DEVELOPMENT FACILITY,2022-03-01,1711285.0,3633.77,0.0,0.0,0.0,56.7
NON DEVELOPMENT FACILITY,2022-04-01,1800638.0,3889.08,0.0,0.0,0.0,56.6
NON DEVELOPMENT FACILITY,2022-05-01,1786465.0,4166.32,0.0,0.0,0.0,56.7
NON DEVELOPMENT FACILITY,2022-06-01,2103585.0,4620.54,0.0,0.0,0.0,56.4
NON DEVELOPMENT FACILITY,2022-07-01,2368354.0,5073.22,0.0,0.0,0.0,56.7
NON DEVELOPMENT FACILITY,2022-08-01,2196633.0,4739.84,0.0,0.0,0.0,56.9
NON DEVELOPMENT FACILITY,2022-09-01,2157594.0,4503.52,0.0,0.0,0.0,56.8
NON DEVELOPMENT FACILITY,2022-10-01,1954656.0,4013.9,0.0,0.0,0.0,56.4
NON DEVELOPMENT FACILITY,2022-11-01,1757092.0,4140.53,0.0,0.0,0.0,56.8
NON DEVELOPMENT FACILITY,2022-12-01,1887377.0,4193.650000000001,0.0,0.0,0.0,56.3
NON DEVELOPMENT FACILITY,2023-01-01,651840.0,1145.22,0.0,0.0,0.0,57.4
NON DEVELOPMENT FACILITY,2023-02-01,434520.0,982.82,0.0,0.0,0.0,57.7
NON DEVELOPMENT FACILITY,2023-03-01,349440.0,612.53,0.0,0.0,0.0,57.7
NON DEVELOPMENT FACILITY,2023-04-01,327360.0,713.39,0.0,0.0,0.0,58.1
NON DEVELOPMENT FACILITY,2023-05-01,470960.0,656.92,0.0,0.0,0.0,58.0
NON DEVELOPMENT FACILITY,2023-06-01,1257760.0,2452.21,0.0,0.0,0.0,57.9
NON DEVELOPMENT FACILITY,2023-07-01,1990160.0,3495.13,0.0,0.0,0.0,57.8
NON DEVELOPMENT FACILITY,2023-08-01,1714320.0,3537.83,0.0,0.0,0.0,57.5
NON DEVELOPMENT FACILITY,2023-09-01,1610240.0,3605.65,0.0,0.0,0.0,57.5
NON DEVELOPMENT FACILITY,2023-10-01,5672.0,24.17,0.0,0.0,0.0,57.8
NON DEVELOPMENT FACILITY,2023-11-01,4937.0,24.88,0.0,0.0,0.0,57.4
NON DEVELOPMENT FACILITY,2023-12-01,3820.0,14.44,0.0,0.0,0.0,57.9
NON DEVELOPMENT FACILITY,2024-01-01,1953997.0,3753.57,0.0,0.0,0.0,57.4
NON DEVELOPMENT FACILITY,2024-02-01,1805427.0,3652.63,0.0,0.0,0.0,57.3
NON DEVELOPMENT FACILITY,2024-03-01,1740428.0,3711.8,0.0,0.0,0.0,57.6
NON DEVELOPMENT FACILITY,2024-04-01,1810424.0,3926.54,0.0,0.0,0.0,57.4
NON DEVELOPMENT FACILITY,2024-05-01,1820111.0,4119.49,0.0,0.0,0.0,57.6
NON DEVELOPMENT FACILITY,2024-06-01,2093362.0,4697.86,0.0,0.0,0.0,58.0
NON DEVELOPMENT FACILITY,2024-07-01,2539247.0,5055.69,0.0,0.0,0.0,58.1
NON DEVELOPMENT FACILITY,2024-08-01,2185191.0,4660.44,0.0,0.0,0.0,58.1
NON DEVELOPMENT FACILITY,2024-09-01,2093779.0,4566.91,0.0,0.0,0.0,58.0
NON DEVELOPMENT FACILITY,2024-10-01,1785933.0,4225.54,0.0,0.0,0.0,58.1
NON DEVELOPMENT FACILITY,2024-11-01,1805934.0,3837.7,0.0,0.0,0.0,58.5
NON DEVELOPMENT FACILITY,2024-12-01,1761669.0,3596.86,0.0,0.0,0.0,57.9
NON DEVELOPMENT FACILITY,2025-01-01,1948977.0,3778.3,0.0,0.0,0.0,57.5
NON DEVELOPMENT FACILITY,2025-02-01,1844877.0,3527.27,0.0,0.0,0.0,57.0
NON DEVELOPMENT FACILITY,2025-03-01,1770097.0,3708.2,0.0,0.0,0.0,56.9
NON DEVELOPMENT FACILITY,2025-04-01,1638855.0,3766.5,0.0,0.0,0.0,56.9
NON DEVELOPMENT FACILITY,2025-05-01,1699594.0,3931.07,0.0,0.0,0.0,56.7
NON DEVELOPMENT FACILITY,2025-06-01,2053727.0,4544.7,0.0,0.0,0.0,56.5
NON DEVELOPMENT FACILITY,2025-07-01,2342578.0,4788.41,0.0,0.0,0.0,56.5
NON DEVELOPMENT FACILITY,2025-08-01,2142642.0,4618.46,0.0,0.0,0.0,56.4
NON DEVELOPMENT FACILITY,2025-09-01,2104312.0,4294.06,0.0,0.0,0.0,56.6
QUEENS,2010-01-01,9501068.0,13102.44,0.0,0.0,0.0,54.7
QUEENS,2010-02-01,8368548.0,12812.48,0.0,0.0,0.0,54.4
QUEENS,2010-03-01,8136467.0,13307.12,0.0,0.0,0.0,54.9
QUEENS,2010-04-01,8098016.0,12847.43,0.0,0.0,0.0,55.2
QUEENS,2010-05-01,8810369.0,16538.03,0.0,0.0,0.0,55.4
QUEENS,2010-06-01,10349353.0,20098.05,0.0,0.0,0.0,56.0
QUEENS,2010-07-01,14948903.0,23657.93,0.0,0.0,0.0,56.7
QUEENS,2010-08-01,15116398.0,20889.52,0.0,0.0,0.0,56.9
QUEENS,2010-09-01,11725546.0,18955.37,0.0,0.0,0.0,57.3
QUEENS,2010-10-01,8940865.0,14286.37,0.0,0.0,0.0,57.5
QUEENS,2010-11-01,9197387.0,13773.29,0.0,0.0,0.0,57.3
QUEENS,2010-12-01,9301610.0,13273.3,0.0,0.0,0.0,57.0
QUEENS,2012-01-01,9480623.0,12903.3,0.0,0.0,0.0,57.4
QUEENS,2012-02-01,8049358.0,12174.33,0.0,0.0,0.0,57.8
QUEENS,2012-03-01,8441793.0,11822.92,0.0,0.0,0.0,58.5
QUEENS,2012-04-01,7639565.0,12314.99,0.0,0.0,0.0,58.5
QUEENS,2012-05-01,8317392.0,17624.54,0.0,0.0,0.0,58.6
QUEENS,2012-06-01,10155983.0,22992.64,0.0,0.0,0.0,58.5
QUEENS,2012-07-01,14658307.0,23245.87,0.0,0.0,0.0,58.3
QUEENS,2012-08-01,13334531.0,23283.4,0.0,0.0,0.0,58.5
QUEENS,2012-09-01,11823542.0,20132.0,0.0,0.0,0.0,58.4
QUEENS,2012-10-01,8567895.0,13950.98,0.0,0.0,0.0,58.4
QUEENS,2012-11-01,7320463.0,14779.21,0.0,0.0,0.0,57.8
QUEENS,2012-12-01,7902774.0,16844.99,0.0,0.0,0.0,57.6
QUEENS,2013-01-01,10041121.0,18076.2,0.0,0.0,0.0,57.4
QUEENS,2013-02-01,8876656.0,15912.51,0.0,0.0,0.0,56.9
QUEENS,2013-03-01,7588247.0,15871.630000000001,0.0,0.0,0.0,56.0
QUEENS,2013-04-01,7674314.0,14979.35,0.0,0.0,0.0,55.8
QUEENS,2013-05-01,7858130.0,17615.45,0.0,0.0,0.0,55.6
QUEENS,2013-06-01,9996375.0,27124.75,0.0,0.0,0.0,55.7
QUEENS,2013-07-01,14745283.0,32879.95,0.0,0.0,0.0,55.8
QUEENS,2013-08-01,11389932.0,22332.6,0.0,0.0,0.0,55.6
QUEENS,2013-09-01,10940712.0,24595.95,0.0,0.0,0.0,55.5
QUEENS,2013-10-01,7881785.0,18207.75,0.0,0.0,0.0,55.7
QUEENS,2013-11-01,7642486.0,15113.37,0.0,0.0,0.0,55.8
QUEENS,2013-12-01,8805730.0,15541.27,0.0,0.0,0.0,55.5
QUEENS,2014-01-01,9348424.0,15169.0,0.0,0.0,0.0,55.0
QUEENS,2014-02-01,8602460.0,15819.4,0.0,0.0,0.0,54.7
QUEENS,2014-03-01,8188893.0,14765.62,0.0,0.0,0.0,54.5
QUEENS,2014-04-01,8852224.0,15334.380000000001,0.0,0.0,0.0,54.4
QUEENS,2014-05-01,7900853.0,17510.51,0.0,0.0,0.0,54.5
QUEENS,2014-06-01,9593940.0,24475.21,0.0,0.0,0.0,54.5
QUEENS,2014-07-01,12968286.0,28268.22,0.0,0.0,0.0,54.1
QUEENS,2014-08-01,11780052.0,21884.18,0.0,0.0,0.0,54.1
QUEENS,2014-09-01,11949314.0,36504.47,0.0,0.0,0.0,54.3
QUEENS,2014-10-01,8763349.0,19603.91,0.0,0.0,0.0,54.2
QUEENS,2014-11-01,8485495.0,16439.72,0.0,0.0,0.0,54.2
QUEENS,2014-12-01,9346725.0,16347.66,0.0,0.0,0.0,54.4
QUEENS,2015-01-01,9637059.0,16452.42,0.0,0.0,0.0,54.5
QUEENS,2015-02-01,8557352.0,14428.25,0.0,0.0,0.0,53.9
QUEENS,2015-03-01,8191229.0,14559.84,0.0,0.0,0.0,53.9
QUEENS,2015-04-01,8091365.0,14787.06,0.0,0.0,0.0,54.1
QUEENS,2015-05-01,8913322.0,19988.8,0.0,0.0,0.0,54.4
QUEENS,2015-06-01,9815070.0,28213.84,0.0,0.0,0.0,54.3
QUEENS,2015-07-01,12449816.0,30474.32,0.0,0.0,0.0,54.6
QUEENS,2015-08-01,13966258.0,30459.48,0.0,0.0,0.0,54.9
QUEENS,2015-09-01,12592565.0,34862.83,0.0,0.0,0.0,55.3
QUEENS,2015-10-01,8420975.0,20220.94,0.0,0.0,0.0,55.2
QUEENS,2015-11-01,8697817.0,15423.17,0.0,0.0,0.0,55.8
QUEENS,2015-12-01,8869473.0,16065.52,0.0,0.0,0.0,56.7
QUEENS,2016-01-01,9323774.0,16013.84,0.0,0.0,0.0,57.0
QUEENS,2016-02-01,8449709.0,16336.65,0.0,0.0,0.0,58.2
QUEENS,2016-03-01,8004895.0,14481.05,0.0,0.0,0.0,59.1
QUEENS,2016-04-01,7870784.0,15050.44,0.0,0.0,0.0,59.0
QUEENS,2016-05-01,8860474.0,21614.92,0.0,0.0,0.0,58.5
QUEENS,2016-06-01,9663016.0,23962.99,0.0,0.0,0.0,58.6
QUEENS,2016-07-01,13662126.0,30267.29,0.0,0.0,0.0,58.6
QUEENS,2016-08-01,13795423.0,32125.85,0.0,0.0,0.0,58.6
QUEENS,2016-09-01,13051418.0,28096.46,0.0,0.0,0.0,58.4
QUEENS,2016-10-01,8654818.0,18187.8,0.0,0.0,0.0,58.5
QUEENS,2016-11-01,8433708.0,15636.09,0.0,0.0,0.0,58.2
QUEENS,2016-12-01,8845408.0,15299.98,0.0,0.0,0.0,57.2
QUEENS,2017-01-01,9194030.0,15850.55,0.0,0.0,0.0,57.5
QUEENS,2017-02-01,8203128.0,14465.18,0.0,0.0,0.0,57.8
QUEENS,2017-03-01,8218349.0,14345.9,0.0,0.0,0.0,57.0
QUEENS,2017-04-01,7553703.0,14970.54,0.0,0.0,0.0,57.3
QUEENS,2017-05-01,8395367.0,22739.62,0.0,0.0,0.0,57.2
QUEENS,2017-06-01,9209485.0,28170.93,0.0,0.0,0.0,57.1
QUEENS,2017-07-01,13200177.0,31769.93,0.0,0.0,0.0,57.0
QUEENS,2017-08-01,11553211.0,26869.0,0.0,0.0,0.0,56.6
QUEENS,2017-09-01,10360274.0,32426.52,0.0,0.0,0.0,56.5
QUEENS,2017-10-01,9177524.0,19175.08,0.0,0.0,0.0,56.9
QUEENS,2017-11-01,8777472.0,15748.7,0.0,0.0,0.0,56.6
QUEENS,2017-12-01,7258607.0,13448.84,0.0,0.0,0.0,56.4
QUEENS,2019-01-01,6994321.0,12263.69,0.0,0.0,0.0,56.0
QUEENS,2019-02-01,6295413.0,10891.24,0.0,0.0,0.0,55.5
QUEENS,2019-03-01,5638834.0,10956.23,0.0,0.0,0.0,55.6
QUEENS,2019-04-01,5997254.0,10850.73,0.0,0.0,0.0,56.1
QUEENS,2019-05-01,5862665.0,14568.74,0.0,0.0,0.0,55.7
QUEENS,2019-06-01,6009943.0,17723.03,0.0,0.0,0.0,55.7
QUEENS,2019-07-01,7599227.0,22413.63,0.0,0.0,0.0,55.9
QUEENS,2019-08-01,7472734.0,21199.92,0.0,0.0,0.0,55.7
QUEENS,2019-09-01,10678821.0,27155.28,0.0,0.0,0.0,55.6
QUEENS,2019-10-01,7347636.0,25637.42,0.0,0.0,0.0,55.8
QUEENS,2019-11-01,6597825.0,12972.12,0.0,0.0,0.0,55.8
QUEENS,2019-12-01,7333792.0,13073.99,0.0,0.0,0.0,55.6
QUEENS,2020-01-01,14153462.0,25857.11,0.0,0.0,0.0,56.2
QUEENS,2020-02-01,14025392.0,25361.12,0.0,0.0,0.0,56.5
QUEENS,2020-03-01,13665400.0,25459.47,0.0,0.0,0.0,57.0
QUEENS,2020-04-01,14057361.0,25582.41,0.0,0.0,0.0,56.6
QUEENS,2020-05-01,6489459.0,13313.78,0.0,0.0,0.0,56.4
QUEENS,2020-06-01,8567993.0,17414.12,0.0,0.0,0.0,56.6
QUEENS,2020-07-01,11859827.0,23845.43,0.0,0.0,0.0,56.6
QUEENS,2020-08-01,11684964.0,24751.89,0.0,0.0,0.0,56.8
QUEENS,2020-09-01,10274306.0,23951.34,0.0,0.0,0.0,56.6
QUEENS,2020-10-01,6773910.0,13911.88,0.0,0.0,0.0,56.5
QUEENS,2020-11-01,6794495.0,13664.4,0.0,0.0,0.0,57.2
QUEENS,2020-12-01,7882952.0,13623.03,0.0,0.0,0.0,57.3
QUEENS,2021-01-01,8000400.0,13022.039999999999,0.0,0.0,0.0,56.9
QUEENS,2021-02-01,6831778.0,12317.45,0.0,0.0,0.0,56.4
QUEENS,2021-03-01,6606406.0,12529.2,0.0,0.0,0.0,56.3
QUEENS,2021-04-01,6655595.0,11938.81,0.0,0.0,0.0,56.6
QUEENS,2021-05-01,6678159.0,17549.69,0.0,0.0,0.0,56.8
QUEENS,2021-06-01,8328418.0,21515.59,0.0,0.0,0.0,56.9
QUEENS,2021-07-01,10932731.0,23772.28,0.0,0.0,0.0,56.5
QUEENS,2021-08-01,11232625.0,24040.56,0.0,0.0,0.0,56.6
QUEENS,2021-09-01,10054678.8,24189.12,0.0,0.0,0.0,56.7
QUEENS,2021-10-01,7722209.0,15732.48,0.0,0.0,0.0,57.1
QUEENS,2021-11-01,8734019.0,13536.01,0.0,0.0,0.0,56.5
QUEENS,2021-12-01,6475152.0,12256.84,0.0,0.0,0.0,56.9
QUEENS,2022-01-01,7971651.0,11645.5,0.0,0.0,0.0,56.5
QUEENS,2022-02-01,6954036.0,12559.77,0.0,0.0,0.0,56.8
QUEENS,2022-03-01,6692420.0,13142.93,0.0,0.0,0.0,56.7
QUEENS,2022-04-01,7232652.0,12155.66,0.0,0.0,0.0,56.6
QUEENS,2022-05-01,7298282.0,17292.45,0.0,0.0,0.0,56.7
QUEENS,2022-06-01,8104501.0,19828.670000000002,0.0,0.0,0.0,56.4
QUEENS,2022-07-01,11759412.0,23782.69,0.0,0.0,0.0,56.7
QUEENS,2022-08-01,11484406.0,23586.74,0.0,0.0,0.0,56.9
QUEENS,2022-09-01,10242770.0,22211.74,0.0,0.0,0.0,56.8
QUEENS,2022-10-01,7189753.0,12979.76,0.0,0.0,0.0,56.4
QUEENS,2022-11-01,6801681.0,12500.57,0.0,0.0,0.0,56.8
QUEENS,2022-12-01,7458141.0,12883.15,0.0,0.0,0.0,56.3
QUEENS,2023-01-01,12307956.0,23500.9,0.0,0.0,0.0,57.4
QUEENS,2023-02-01,11088453.0,20704.54,0.0,0.0,0.0,57.7
QUEENS,2023-03-01,12228390.0,21705.5,0.0,0.0,0.0,57.7
QUEENS,2023-04-01,9694921.0,22858.18,0.0,0.0,0.0,58.1
QUEENS,2023-05-01,9220868.0,19613.48,0.0,0.0,0.0,58.0
QUEENS,2023-06-01,9308023.0,18871.66,0.0,0.0,0.0,57.9
QUEENS,2023-07-01,16630002.0,28314.47,0.0,0.0,0.0,57.8
QUEENS,2023-08-01,14337594.0,30716.48,0.0,0.0,0.0,57.5
QUEENS,2023-09-01,13999980.0,30475.46,0.0,0.0,0.0,57.5
QUEENS,2023-10-01,9420438.5,18014.33,0.0,0.0,0.0,57.8
QUEENS,2023-11-01,11034797.0,20785.83,0.0,0.0,0.0,57.4
QUEENS,2023-12-01,11869379.0,20967.03,0.0,0.0,0.0,57.9
QUEENS,2024-01-01,7231709.0,11081.59,0.0,0.0,0.0,57.4
QUEENS,2024-02-01,6551199.0,11078.48,0.0,0.0,0.0,57.3
QUEENS,2024-03-01,6199637.0,10987.22,0.0,0.0,0.0,57.6
QUEENS,2024-04-01,7278778.0,11233.71,0.0,0.0,0.0,57.4
QUEENS,2024-05-01,7023352.0,38210.75,0.0,0.0,0.0,57.6
QUEENS,2024-06-01,8211158.0,16764.54,0.0,0.0,0.0,58.0
QUEENS,2024-07-01,11496081.0,19746.28,0.0,0.0,0.0,58.1
QUEENS,2024-08-01,9858369.0,18928.2,0.0,0.0,0.0,58.1
QUEENS,2024-09-01,7934075.0,16999.36,0.0,0.0,0.0,58.0
QUEENS,2024-10-01,5994897.0,11328.8,0.0,0.0,0.0,58.1
QUEENS,2024-11-01,6644963.0,10409.67,0.0,0.0,0.0,58.5
QUEENS,2024-12-01,6482782.0,10354.73,0.0,0.0,0.0,57.9
QUEENS,2025-01-01,6963592.0,10885.85,0.0,0.0,0.0,57.5
QUEENS,2025-02-01,6332548.0,10324.99,0.0,0.0,0.0,57.0
QUEENS,2025-03-01,5849632.0,9832.06,0.0,0.0,0.0,56.9
QUEENS,2025-04-01,5924357.0,10062.62,0.0,0.0,0.0,56.9
QUEENS,2025-05-01,6682159.0,12030.3,0.0,0.0,0.0,56.7
QUEENS,2025-06-01,8129001.0,16905.5,0.0,0.0,0.0,56.5
QUEENS,2025-07-01,11392419.4,20522.94,0.0,0.0,0.0,56.5
QUEENS,2025-08-01,10361087.93,92073.89,0.0,0.0,0.0,56.4
QUEENS,2025-09-01,6884523.05,13777.03,0.0,0.0,0.0,56.6
STATEN ISLAND,2010-01-01,3009634.0,4995.6,0.0,0.0,0.0,54.7
STATEN ISLAND,2010-02-01,2647908.0,3340.16,0.0,0.0,0.0,54.4
STATEN ISLAND,2010-03-01,2354075.0,3232.23,0.0,0.0,0.0,54.9
STATEN ISLAND,2010-04-01,2245797.0,4707.68,0.0,0.0,0.0,55.2
STATEN ISLAND,2010-05-01,2510650.0,5363.84,0.0,0.0,0.0,55.4
STATEN ISLAND,2010-06-01,3215086.0,6832.08,0.0,0.0,0.0,56.0
STATEN ISLAND,2010-07-01,4128253.0,7759.2,0.0,0.0,0.0,56.7
STATEN ISLAND,2010-08-01,4082860.0,7563.76,0.0,0.0,0.0,56.9
STATEN ISLAND,2010-09-01,3270162.0,7384.08,0.0,0.0,0.0,57.3
STATEN ISLAND,2010-10-01,2659077.0,5950.72,0.0,0.0,0.0,57.5
STATEN ISLAND,2010-11-01,2628835.0,5196.72,0.0,0.0,0.0,57.3
STATEN ISLAND,2010-12-01,2736355.0,5227.2,0.0,0.0,0.0,57.0
STATEN ISLAND,2012-01-01,2937364.0,4848.0,0.0,0.0,0.0,57.4
STATEN ISLAND,2012-02-01,2524424.0,4655.76,0.0,0.0,0.0,57.8
STATEN ISLAND,2012-03-01,2492547.0,3913.44,0.0,0.0,0.0,58.5
STATEN ISLAND,2012-04-01,2296543.0,4746.55,0.0,0.0,0.0,58.5
STATEN ISLAND,2012-05-01,2335339.0,4018.4,0.0,0.0,0.0,58.6
STATEN ISLAND,2012-06-01,3001407.0,7315.84,0.0,0.0,0.0,58.5
STATEN ISLAND,2012-07-01,4322831.0,22893.67,0.0,0.0,0.0,58.3
STATEN ISLAND,2012-08-01,3802863.0,7226.639999999999,0.0,0.0,0.0,58.5
STATEN ISLAND,2012-09-01,3342354.0,6438.72,0.0,0.0,0.0,58.4
STATEN ISLAND,2012-10-01,2647525.0,4246.72,0.0,0.0,0.0,58.4
STATEN ISLAND,2012-11-01,2371880.0,3997.76,0.0,0.0,0.0,57.8
STATEN ISLAND,2012-12-01,2747600.0,4059.6,0.0,0.0,0.0,57.6
STATEN ISLAND,2013-01-01,2808754.0,4210.24,0.0,0.0,0.0,57.4
STATEN ISLAND,2013-02-01,2844806.0,4230.72,0.0,0.0,0.0,56.9
STATEN ISLAND,2013-03-01,2435633.0,3966.32,0.0,0.0,0.0,56.0
STATEN ISLAND,2013-04-01,2297521.0,4351.51,0.0,0.0,0.0,55.8
STATEN ISLAND,2013-05-01,2279115.0,4351.68,0.0,0.0,0.0,55.6
STATEN ISLAND,2013-06-01,3116362.0,6542.32,0.0,0.0,0.0,55.7
STATEN ISLAND,2013-07-01,4280120.0,7959.28,0.0,0.0,0.0,55.8
STATEN ISLAND,2013-08-01,3274702.0,6439.6,0.0,0.0,0.0,55.6
STATEN ISLAND,2013-09-01,3399284.0,7149.36,0.0,0.0,0.0,55.5
STATEN ISLAND,2013-10-01,2494817.0,5282.48,0.0,0.0,0.0,55.7
STATEN ISLAND,2013-11-01,2380901.0,4536.64,0.0,0.0,0.0,55.8
STATEN ISLAND,2013-12-01,2826286.0,4750.64,0.0,0.0,0.0,55.5
STATEN ISLAND,2014-01-01,2729358.0,4718.72,0.0,0.0,0.0,55.0
STATEN ISLAND,2014-02-01,2728201.0,4832.08,0.0,0.0,0.0,54.7
STATEN ISLAND,2014-03-01,2382084.0,4497.76,0.0,0.0,0.0,54.5
STATEN ISLAND,2014-04-01,2280236.0,4410.64,0.0,0.0,0.0,54.4
STATEN ISLAND,2014-05-01,2225156.0,4528.4800000000005,0.0,0.0,0.0,54.5
STATEN ISLAND,2014-06-01,3009432.0,6525.04,0.0,0.0,0.0,54.5
STATEN ISLAND,2014-07-01,3645514.0,7132.56,0.0,0.0,0.0,54.1
STATEN ISLAND,2014-08-01,3346072.0,6461.36,0.0,0.0,0.0,54.1
STATEN ISLAND,2014-09-01,3429766.0,9826.19,0.0,0.0,0.0,54.3
STATEN ISLAND,2014-10-01,2508792.0,5186.04,0.0,0.0,0.0,54.2
STATEN ISLAND,2014-11-01,2458349.0,4816.52,0.0,0.0,0.0,54.2
STATEN ISLAND,2014-12-01,2860039.0,4742.24,0.0,0.0,0.0,54.4
STATEN ISLAND,2015-01-01,2952681.0,4852.96,0.0,0.0,0.0,54.5
STATEN ISLAND,2015-02-01,2665272.0,4953.2,0.0,0.0,0.0,53.9
STATEN ISLAND,2015-03-01,2484230.0,4593.28,0.0,0.0,0.0,53.9
STATEN ISLAND,2015-04-01,2327790.0,4514.64,0.0,0.0,0.0,54.1
STATEN ISLAND,2015-05-01,2620129.0,5051.36,0.0,0.0,0.0,54.4
STATEN ISLAND,2015-06-01,3030716.0,6866.72,0.0,0.0,0.0,54.3
STATEN ISLAND,2015-07-01,3642278.0,7293.44,0.0,0.0,0.0,54.6
STATEN ISLAND,2015-08-01,4133324.0,7294.16,0.0,0.0,0.0,54.9
STATEN ISLAND,2015-09-01,3599041.0,7078.96,0.0,0.0,0.0,55.3
STATEN ISLAND,2015-10-01,2680321.0,6101.04,0.0,0.0,0.0,55.2
STATEN ISLAND,2015-11-01,2687921.0,4695.12,0.0,0.0,0.0,55.8
STATEN ISLAND,2015-12-01,2676332.0,4725.2,0.0,0.0,0.0,56.7
STATEN ISLAND,2016-01-01,2832217.0,4913.76,0.0,0.0,0.0,57.0
STATEN ISLAND,2016-02-01,2597312.0,4865.36,0.0,0.0,0.0,58.2
STATEN ISLAND,2016-03-01,2334327.0,4525.6,0.0,0.0,0.0,59.1
STATEN ISLAND,2016-04-01,2435282.0,4372.24,0.0,0.0,0.0,59.0
STATEN ISLAND,2016-05-01,2259830.0,3736.16,0.0,0.0,0.0,58.5
STATEN ISLAND,2016-06-01,3059285.0,6014.8,0.0,0.0,0.0,58.6
STATEN ISLAND,2016-07-01,3994637.0,7149.28,0.0,0.0,0.0,58.6
STATEN ISLAND,2016-08-01,3974546.0,7619.04,0.0,0.0,0.0,58.6
STATEN ISLAND,2016-09-01,3619019.0,7007.44,0.0,0.0,0.0,58.4
STATEN ISLAND,2016-10-01,2742358.0,5519.84,0.0,0.0,0.0,58.5
STATEN ISLAND,2016-11-01,2454251.0,4726.81,0.0,0.0,0.0,58.2
STATEN ISLAND,2016-12-01,2635940.0,4779.92,0.0,0.0,0.0,57.2
STATEN ISLAND,2017-01-01,2851426.0,4830.24,0.0,0.0,0.0,57.5
STATEN ISLAND,2017-02-01,2502771.0,4741.34,0.0,0.0,0.0,57.8
STATEN ISLAND,2017-03-01,2545234.0,4613.92,0.0,0.0,0.0,57.0
STATEN ISLAND,2017-04-01,2283169.0,4309.76,0.0,0.0,0.0,57.3
STATEN ISLAND,2017-05-01,2311756.0,5929.44,0.0,0.0,0.0,57.2
STATEN ISLAND,2017-06-01,2820248.0,6792.88,0.0,0.0,0.0,57.1
STATEN ISLAND,2017-07-01,4004492.0,7187.32,0.0,0.0,0.0,57.0
STATEN ISLAND,2017-08-01,3356149.0,6502.32,0.0,0.0,0.0,56.6
STATEN ISLAND,2017-09-01,3021133.0,6856.4800000000005,0.0,0.0,0.0,56.5
STATEN ISLAND,2017-10-01,2683505.0,5417.36,0.0,0.0,0.0,56.9
STATEN ISLAND,2017-11-01,2258797.0,4306.96,0.0,0.0,0.0,56.6
STATEN ISLAND,2017-12-01,2343416.0,4056.24,0.0,0.0,0.0,56.4
STATEN ISLAND,2019-01-01,2551499.0,4633.92,0.0,0.0,0.0,56.0
STATEN ISLAND,2019-02-01,2242466.0,332941.81,0.0,0.0,0.0,55.5
STATEN ISLAND,2019-03-01,2271568.0,4225.12,0.0,0.0,0.0,55.6
STATEN ISLAND,2019-04-01,2214876.0,4058.4,0.0,0.0,0.0,56.1
STATEN ISLAND,2019-05-01,2235316.0,4893.68,0.0,0.0,0.0,55.7
STATEN ISLAND,2019-06-01,2804672.0,5110.08,0.0,0.0,0.0,55.7
STATEN ISLAND,2019-07-01,3872928.0,7414.16,0.0,0.0,0.0,55.9
STATEN ISLAND,2019-08-01,3095699.0,5962.16,0.0,0.0,0.0,55.7
STATEN ISLAND,2019-09-01,3237376.0,6448.0,0.0,0.0,0.0,55.6
STATEN ISLAND,2019-10-01,2572356.0,5838.32,0.0,0.0,0.0,55.8
STATEN ISLAND,2019-11-01,2284356.0,4185.76,0.0,0.0,0.0,55.8
STATEN ISLAND,2019-12-01,2600236.0,4912.3,0.0,0.0,0.0,55.6
STATEN ISLAND,2020-01-01,4960976.0,8351.52,0.0,0.0,0.0,56.2
STATEN ISLAND,2020-02-01,5002952.0,8125.12,0.0,0.0,0.0,56.5
STATEN ISLAND,2020-03-01,4490096.0,8220.64,0.0,0.0,0.0,57.0
STATEN ISLAND,2020-04-01,4526288.0,7089.68,0.0,0.0,0.0,56.6
STATEN ISLAND,2020-05-01,2277544.0,4306.72,0.0,0.0,0.0,56.4
STATEN ISLAND,2020-06-01,3033260.0,6057.2,0.0,0.0,0.0,56.6
STATEN ISLAND,2020-07-01,3899712.0,7133.52,0.0,0.0,0.0,56.6
STATEN ISLAND,2020-08-01,3907008.0,7268.48,0.0,0.0,0.0,56.8
STATEN ISLAND,2020-09-01,3481076.0,6707.84,0.0,0.0,0.0,56.6
STATEN ISLAND,2020-10-01,2485384.0,4673.68,0.0,0.0,0.0,56.5
STATEN ISLAND,2020-11-01,2466436.0,4368.64,0.0,0.0,0.0,57.2
STATEN ISLAND,2020-12-01,2726956.0,4411.36,0.0,0.0,0.0,57.3
STATEN ISLAND,2021-01-01,2779584.0,4213.04,0.0,0.0,0.0,56.9
STATEN ISLAND,2021-02-01,2460892.0,4380.0,0.0,0.0,0.0,56.4
STATEN ISLAND,2021-03-01,2294720.0,4113.04,0.0,0.0,0.0,56.3
STATEN ISLAND,2021-04-01,2370664.0,3976.2400000000002,0.0,0.0,0.0,56.6
STATEN ISLAND,2021-05-01,2265556.0,5504.5599999999995,0.0,0.0,0.0,56.8
STATEN ISLAND,2021-06-01,2942824.0,6372.08,0.0,0.0,0.0,56.9
STATEN ISLAND,2021-07-01,3720088.0,7314.4,0.0,0.0,0.0,56.5
STATEN ISLAND,2021-08-01,3746576.0,7050.16,0.0,0.0,0.0,56.6
STATEN ISLAND,2021-09-01,3295000.0,6825.599999999999,0.0,0.0,0.0,56.7
STATEN ISLAND,2021-10-01,2482328.0,5228.0,0.0,0.0,0.0,57.1
STATEN ISLAND,2021-11-01,2362196.0,4055.2,0.0,0.0,0.0,56.5
STATEN ISLAND,2021-12-01,2404528.0,4147.92,0.0,0.0,0.0,56.9
STATEN ISLAND,2022-01-01,2655836.0,4353.76,0.0,0.0,0.0,56.5
STATEN ISLAND,2022-02-01,2340196.0,4209.28,0.0,0.0,0.0,56.8
STATEN ISLAND,2022-03-01,2180160.0,4037.84,0.0,0.0,0.0,56.7
STATEN ISLAND,2022-04-01,2293228.0,4035.68,0.0,0.0,0.0,56.6
STATEN ISLAND,2022-05-01,2207188.0,5212.96,0.0,0.0,0.0,56.7
STATEN ISLAND,2022-06-01,2734948.0,5800.8,0.0,0.0,0.0,56.4
STATEN ISLAND,2022-07-01,3983748.0,7184.24,0.0,0.0,0.0,56.7
STATEN ISLAND,2022-08-01,3723732.0,7320.72,0.0,0.0,0.0,56.9
STATEN ISLAND,2022-09-01,3224880.0,6184.24,0.0,0.0,0.0,56.8
STATEN ISLAND,2022-10-01,2432332.0,4120.08,0.0,0.0,0.0,56.4
STATEN ISLAND,2022-11-01,2226464.0,4110.48,0.0,0.0,0.0,56.8
STATEN ISLAND,2022-12-01,2421448.0,4097.04,0.0,0.0,0.0,56.3
STATEN ISLAND,2023-01-01,610160.0,1156.0,0.0,0.0,0.0,57.4
STATEN ISLAND,2023-02-01,913680.0,2257.16,0.0,0.0,0.0,57.7
STATEN ISLAND,2023-03-01,1265680.0,1503.51,0.0,0.0,0.0,57.7
STATEN ISLAND,2023-04-01,556320.0,1674.46,0.0,0.0,0.0,58.1
STATEN ISLAND,2023-05-01,544800.0,1542.01,0.0,0.0,0.0,58.0
STATEN ISLAND,2023-06-01,788416.0,1628.72,0.0,0.0,0.0,57.9
STATEN ISLAND,2023-07-01,1155923.63,4543.610000000001,0.0,0.0,0.0,57.8
STATEN ISLAND,2023-08-01,850924.0,1772.0,0.0,0.0,0.0,57.5
STATEN ISLAND,2023-09-01,948238.49,4579.39,0.0,0.0,0.0,57.5
STATEN ISLAND,2023-10-01,1463931.51,2463.91,0.0,0.0,0.0,57.8
STATEN ISLAND,2023-11-01,77984.0,703.98,0.0,0.0,0.0,57.4
STATEN ISLAND,2023-12-01,227677.01,437.34,0.0,0.0,0.0,57.9
STATEN ISLAND,2024-01-01,2190439.0,3480.37,0.0,0.0,0.0,57.4
STATEN ISLAND,2024-02-01,2247596.0,3303.7200000000003,0.0,0.0,0.0,57.3
STATEN ISLAND,2024-03-01,2058714.6,3792.59,0.0,0.0,0.0,57.6
STATEN ISLAND,2024-04-01,2269937.0,3820.77,0.0,0.0,0.0,57.4
STATEN ISLAND,2024-05-01,1800535.0,4128.84,0.0,0.0,0.0,57.6
STATEN ISLAND,2024-06-01,2819900.0,6023.78,0.0,0.0,0.0,58.0
STATEN ISLAND,2024-07-01,4053605.0,7000.610000000001,0.0,0.0,0.0,58.1
STATEN ISLAND,2024-08-01,3474118.0,6659.91,0.0,0.0,0.0,58.1
STATEN ISLAND,2024-09-01,2787884.0,6085.889999999999,0.0,0.0,0.0,58.0
STATEN ISLAND,2024-10-01,2243746.0,4629.63,0.0,0.0,0.0,58.1
STATEN ISLAND,2024-11-01,2447595.0,4120.26,0.0,0.0,0.0,58.5
STATEN ISLAND,2024-12-01,2380189.0,4089.1,0.0,0.0,0.0,57.9
STATEN ISLAND,2025-01-01,2646744.0,4199.4,0.0,0.0,0.0,57.5
STATEN ISLAND,2025-02-01,2381986.0,3904.24,0.0,0.0,0.0,57.0
STATEN ISLAND,2025-03-01,2122603.0,3822.39,0.0,0.0,0.0,56.9
STATEN ISLAND,2025-04-01,2095232.0,3830.46,0.0,0.0,0.0,56.9
STATEN ISLAND,2025-05-01,2065442.0,4008.7599999999998,0.0,0.0,0.0,56.7
STATEN ISLAND,2025-06-01,2661978.0,6211.900000000001,0.0,0.0,0.0,56.5
STATEN ISLAND,2025-07-01,3699921.0,6742.360000000001,0.0,0.0,0.0,56.5
STATEN ISLAND,2025-08-01,3273914.0,6700.54,0.0,0.0,0.0,56.4
STATEN ISLAND,2025-09-01,2700179.0,4876.81,0.0,0.0,0.0,56.6
